"x","y"
0.4734873669222,1.8180090873259
-0.620894928462803,-0.826089359077677
-0.531785505823791,-0.359938338969276
-0.0271409619599581,0.138744665328562
-0.865530839189887,-1.53961618802469
-0.913088330067694,-3.38867566443493
-0.161446685437113,0.355600149708204
-0.575530935078859,-1.58469341248952
-0.978691164869815,-2.5109714128953
0.886802962515503,3.87876939851498
-0.0567183676175773,-0.00126817664802309
0.344515062402934,2.01519004652054
0.0429432792589068,1.19985246134191
0.417693135328591,2.42107849408096
-0.628790750633925,-1.06397740366011
0.251201764214784,2.27854233899328
0.775921982713044,1.3357411051391
0.988687852397561,0.417669328990597
-0.849781973287463,-1.05864671819572
0.451392245478928,0.336792899772132
-0.931989269331098,-1.75363127221386
-0.674127966631204,-1.18183675303106
0.607858857605606,2.19977066101101
-0.614961571060121,-1.35662561910306
-0.385137880686671,-1.01888317006253
-0.843072379473597,-1.30682681371346
0.619591997936368,0.931078225669631
0.0632449318654835,0.896745513174821
-0.824246069416404,-1.01453325482799
0.429697996005416,0.200213246247432
-0.143108372576535,-1.86101778071527
-0.407699743751436,-1.78809376214755
0.684049663133919,4.66347693167732
0.720881538465619,2.26861716054193
-0.890049626585096,-1.05602730742937
-0.168386023957282,-1.66719063701238
-0.0882600243203342,0.141860792332953
0.115689034573734,1.40439118603892
0.3361661224626,-0.235107554294527
0.109532835893333,1.34403916714078
0.299126488622278,-0.552243313665518
-0.588416120968759,-1.58676063411124
-0.120086133014411,0.251693051707506
-0.43042257707566,-1.41560667293072
0.45812648627907,1.52643294472779
-0.490855743177235,-3.4758491614591
-0.674549059011042,-2.69176602166687
0.692278705071658,1.69526559694609
0.413838552311063,1.15522876377022
0.173534418921918,1.54815115878034
-0.439449404366314,-0.377697326968544
0.0180647601373494,0.970258751046496
0.349146234802902,1.09847117363927
0.393135679885745,1.29433888716691
-0.105768176261336,-0.569137686453465
0.233602314256132,1.66928402360983
-0.0787408282049,0.568939599060754
0.550502792000771,1.03961635323084
0.992006595712155,0.880764282234112
-0.56979962810874,-2.53893398026186
0.969294784124941,2.19719365130161
-0.621066797990352,0.0827457860237508
-0.704771417658776,-0.986009370582519
-0.816278575453907,-1.48227159224372
0.890058543067425,1.20600623670799
0.30161430221051,0.327071745920268
0.18846377870068,0.861079656536561
0.351823070086539,1.0738041413717
-0.621895426418632,-0.0339978345465777
0.0673883897252381,0.786682884929671
-0.00439873384311795,-1.42689972884737
0.113476541824639,0.29826817210413
0.677343256771564,1.9825500012269
0.17656303755939,1.08890654128048
-0.119306430686265,-2.33894276019405
0.106723737437278,1.68284130942679
0.980007368605584,0.886984224082991
-0.814737876877189,0.14769572006763
-0.524534948170185,-0.489269765152124
-0.213314464315772,-1.72889797145351
0.58208971330896,3.17156839763347
-0.0250015668570995,0.376245590296996
0.977276935707778,2.26232242090966
-0.224355995189399,-1.4606787675234
-0.291544142644852,-2.18906546361435
0.528924543876201,2.00962003516818
-0.715354364365339,-1.25566003978674
0.112743141595274,2.09681102893597
0.282229844946414,0.795340137881968
0.660887250676751,3.54987390983733
-0.655684111174196,-0.101540923057268
0.69844539789483,2.9091211677848
0.218850546982139,1.76510776655051
0.194224067032337,0.381029680824889
0.599908839445561,1.65144925435534
-0.671468221116811,-1.69916461769094
0.0920236259698868,0.0435049055080878
-0.443050026893616,-1.60833123389129
0.239213857799768,-0.814866051270438
0.75400760397315,2.930516017182
0.0599244520999491,0.07716694278747
-0.318993782624602,-1.68382593968713
0.0533602866344154,2.50192516551894
0.405130772851408,0.0795624223939222
-0.201793821062893,-1.95748505993498
-0.938455601688474,-1.8977397831514
0.445142194163054,0.767073770413535
0.0312419510446489,2.62916995806199
0.0852812556549907,1.96215828224783
0.647868350148201,1.20738212443507
-0.480173041578382,-0.168637524139157
0.36378069082275,0.82017752639942
0.476320445537567,0.4195353665058
-0.306565904524177,-0.767678244561546
0.324989930260926,0.372992740729797
-0.160352726466954,-1.36956919765223
-0.285792463924736,-0.338770195343686
0.678855802863836,-0.0600439128139221
-0.132211789488792,-2.28646426938513
0.367269778158516,1.75011944297423
-0.747460304293782,-1.69833581134766
-0.892380647361279,-0.505522446866351
-0.683164110407233,-0.0935777072340582
0.296055887360126,2.17344065160768
-0.285503745079041,-0.670143441751934
0.676825058180839,1.79418661410281
-0.465240265242755,-0.221343266820736
0.969350833911449,1.73640794070999
-0.748009684029967,-0.637917980395351
-0.381453972775489,-1.92790819220043
0.326631190720946,0.839674882321674
0.745652430225164,2.84007676366007
-0.147177961654961,-1.19990659918848
0.171403178479522,-0.14584831558224
-0.225261663552374,-2.86050593069944
-0.694751273840666,-0.483003996897791
-0.967120907269418,-2.52415211060136
-0.536856525111943,-2.49974640889964
0.794209409039468,1.98875283336765
-0.907508665230125,-0.554678035490385
-0.480195968877524,-2.34957593929606
0.09348673094064,1.55331280134832
0.672940865159035,2.9659421740827
-0.423838335555047,-1.39340125226607
0.676177201792598,2.9359243127627
0.538583052810282,-0.140156913921069
-0.537998406682163,-2.8185764793993
0.928345111198723,2.72458358524596
-0.432049153372645,-0.727991668191764
-0.775209587067366,-1.53707955280716
0.560235034208745,0.335127600409716
-0.851935127750039,-1.19521304910073
-0.763177402317524,-0.778965234490169
-0.856295826844871,-1.62278746141848
-0.0384797942824662,0.0206139781043391
-0.757585736457258,-2.45169504548372
0.365843072999269,-2.15121642311393
-0.396035602781922,-0.486352334110192
0.475706269498914,1.81724105760466
0.627565760631114,1.41003351853017
-0.128658854868263,-1.12357475943215
-0.600427844095975,-1.26902199547173
0.233406738843769,0.71348901740009
0.762395207770169,1.12703387456586
-0.402343410532922,-0.873520682566429
0.499972659628838,1.91270356460429
-0.760114567819983,0.132051074349335
0.302452675066888,0.0328794323549512
0.565388058312237,2.05365755049257
0.111350936349481,0.789611990109677
-0.0241523361764848,0.156023772555995
-0.20726488949731,0.106480525761939
-0.442218935117126,-0.286136076943664
0.572227204218507,2.0180823131836
-0.767567183356732,-0.350054405848035
-0.026632712688297,1.2652123865583
-0.746252784505486,-1.52058968636602
-0.13069143332541,-1.99131730118418
0.0208196137100458,-0.951712063432922
-0.711500023026019,-1.69647059481549
0.961320398375392,1.22284768432114
-0.744018765166402,-2.84335971632319
0.986757061909884,0.617854879400444
-0.595472181215882,-1.40198002001246
0.543611116241664,0.976504147881347
-0.923510419670492,-1.62213765237677
-0.943455712404102,-1.89765500308063
-0.031721240375191,-0.960692071453994
0.515254335012287,0.57170582966997
0.539313971064985,1.67269468162159
-0.0995182581245899,-1.81720709237014
-0.501047125086188,-2.10027634274981
0.263135781511664,0.67341476839927
0.176736063789576,0.476053128470939
0.83378740074113,1.49428993150859
0.0583444889634848,1.49398344365358
0.372376370709389,2.86631623606924
0.0902281012386084,1.34499629722846
-0.541119589470327,-1.89548419152664
-0.892392394132912,-0.680225537657345
-0.883920449763536,-1.83798693787883
0.516536130569875,4.55257825108228
0.26956880884245,1.50071274969439
-0.805847336072475,-3.0604426144238
0.685874449554831,1.45608034279305
0.690503031481057,2.80124821760241
-0.411343267187476,-0.395215881860778
0.414208568166941,1.52700656398411
-0.515559352468699,-3.18261845032093
-0.81853338656947,-1.23986623828617
0.961508099921048,0.309878806780294
0.235074319411069,0.984135916037749
0.167571949306875,0.2995572329156
0.422432691324502,1.91588751086105
-0.634958134032786,-1.80927375498014
0.457651310134679,0.82459553503637
-0.239194829482585,-1.35816631277847
0.265744532458484,0.568203204156052
-0.305676513817161,-0.158725831477471
-0.43923504371196,-1.69760868926006
-0.900377198588103,-1.63174894201654
0.432815697975457,2.05321201924301
-0.984266817104071,-2.09313589461286
-0.727494513615966,-0.338859383700514
-0.755183772649616,-0.620768730348705
-0.563353905454278,0.935626850374006
-0.24156141653657,-2.12461176574782
0.386349201668054,0.698355900478081
0.284091041889042,0.600873044051016
0.339724816847593,1.63079054988609
0.924875502474606,1.2445159853679
-0.792374782264233,-0.316770384486788
-0.117915730457753,-0.503957904555976
0.97546484041959,1.01283262553173
0.839549406897277,1.63730867600142
0.240651530679315,1.59014046895929
0.630823793355376,0.406471307870213
0.018612521700561,0.14822304206647
0.374878088477999,1.16783582647498
-0.108139009214938,-1.77310306466929
-0.670669673476368,-0.712230743962975
0.228014030959457,1.41018317155516
0.443649718072265,1.50651715138834
0.185280525591224,1.78409163505482
-0.281982455402613,-1.44522547815986
0.0245819417759776,1.90814137218375
0.140623839106411,2.19702394687108
0.133478103671223,0.003209001554909
0.482770343311131,2.6767533253231
-0.536966038867831,-0.666119785127848
0.567153023090214,0.0037474241168356
-0.261602723971009,-2.22756610287278
0.450824842322618,3.18646086119807
0.976439840625972,-0.141258154009628
-0.780640487093478,-0.558825756517353
0.104175618384033,-0.605931005279026
-0.669036778155714,-0.16977119297265
-0.792712230700999,-1.75620792952651
0.272865776903927,0.990371691291006
0.178716474678367,1.32319769460852
-0.464952137786895,-0.699357156777111
0.430468555074185,0.50829702294718
-0.087896051350981,-0.289283481854003
-0.345366092864424,-1.3140985600467
0.159265822265297,1.89410160688434
-0.495566772762686,-1.30962785401359
0.999593630898744,2.3706390149109
-0.654943970497698,-1.21563507471971
0.488741598557681,0.958620445793235
0.367770087905228,1.94372524374522
0.457558889873326,1.38895535717827
-0.451363701373339,-0.639111254127352
-0.502989246975631,-1.22718662888032
0.33382550207898,0.575104234617776
-0.191276336088777,-0.294284505718597
0.193727073725313,-0.530718871894848
0.506891335360706,1.34872178138047
-0.431295807473361,-0.0262335964413574
-0.41158803505823,-2.15925922559813
-0.0954555999487638,-0.702890488993892
-0.646356732118875,-3.24563642182752
0.828529881779104,3.1936555840527
0.19793586852029,-0.141801831671425
-0.556798552162945,0.915226795452943
-0.832002001814544,-0.908784289441825
-0.0409974795766175,2.53806280503695
0.106335561722517,1.49990681884387
0.743668874725699,1.78330538820583
0.85183385014534,0.172452650097388
-0.291301942430437,-3.13125636233235
-0.41787640703842,-0.0331672140903845
0.708828533999622,1.62298169462726
0.599537283182144,0.90640965356155
-0.197622859384865,-0.499505776370809
0.399624175392091,0.817065872962556
-0.591296419501305,-0.54845607336419
0.135632639285177,1.81029850056781
-0.44223353639245,-1.69759739951783
0.0895408065989614,1.45155959813803
0.331882161553949,2.37490221217506
-0.215724104549736,-3.08400915194716
0.220101346727461,2.24917504690915
-0.91639353800565,0.219765158368843
-0.00127325020730495,-1.43968064693258
-0.0670870682224631,-1.01579606505465
0.777142526581883,3.06704798645505
-0.105952797923237,0.6372366041796
-0.932180219795555,-2.01622583517248
-0.77486908249557,-2.71402034608367
0.229632591828704,3.36045079225808
0.297026708256453,2.33843578866179
-0.303929906804115,-0.978211223389314
0.242918125353754,0.26000007077844
0.332126246299595,1.51787348550331
-0.435594976879656,-1.50633266903755
0.65875657601282,1.79704433751825
0.671804273035377,3.65728412630489
0.865006797015667,1.78924708218654
-0.478730612434447,0.210109183010889
0.698180451523513,1.59611697817807
0.657516712788492,3.46954214252313
-0.44479565275833,-3.14680014952951
0.392038648948073,0.478180113849082
-0.0991749353706837,-0.00187617927751338
0.755395306274295,0.835621687985997
-0.517341494560242,-0.306052471652996
0.688182844780385,0.670815206549392
0.89365619700402,1.80627794410702
0.232171063777059,2.30631288316173
-0.58440534491092,-0.44595941019335
-0.772925784345716,-3.26054740930782
-0.999114032834768,-1.91912659663994
0.977481947746128,1.68763004252098
-0.0680629475973547,-0.805180844712794
-0.0336233954876661,0.154717453442341
-0.610768948215991,0.164273673952536
0.79363779257983,4.50092680754056
-0.00957622285932302,0.488452950135135
-0.512023622635752,-0.264248634624782
-0.761616985779256,-2.44172058478669
0.867183284834027,1.15155677696868
-0.269167172722518,0.416323669259401
0.711998676415533,3.3915010796642
-0.148730874061584,-1.73102857140425
0.402075590565801,-0.966220378861092
0.438078926410526,1.6788028032195
0.994666229467839,0.993630994233426
0.137179843615741,0.536984620202401
-0.378333947155625,-1.33710256256926
-0.805303721223027,-1.29462687488658
-0.921775334514678,-3.14118753862791
0.168834397103637,1.82149747314046
-0.563249133061618,0.208206037964275
-0.451847076416016,-1.03372766362974
0.243864049669355,2.208923468865
0.65452098287642,2.48453617535587
0.888205812778324,2.73061405692767
-0.00409143697470427,-0.61788384949274
-0.591700103133917,-1.5000189300898
0.0870424057357013,-0.713339522892666
0.0998906097374856,1.01483592538017
-0.87203592248261,-2.35313617678547
0.386633711867034,1.00886998561316
0.800512561108917,0.911619091632978
0.882558455690742,3.10161479692231
0.177023011725396,0.795528615445935
0.747020977083594,2.28933209191716
0.328278734348714,1.46910204455159
0.476323940325528,1.44690677754557
-0.453342251479626,-0.152422526586818
0.882081018295139,3.39120147076025
0.252309318631887,0.504064958873985
-0.646393926814198,-3.03464783449724
-0.430920792277902,1.59083599044751
-0.228668438270688,-0.813888462514598
0.301034756936133,0.190863465189048
0.686209617648274,1.39624080081016
0.014018771238625,1.79003559118668
0.0103263086639345,0.418373138225961
-0.308410882484168,-0.978891052408159
0.768145977985114,3.82017437457852
0.0450033075176179,-0.0930651453001581
-0.689085509628057,-0.303026955382761
-0.515323359984905,-0.589174392097961
-0.310542396269739,0.0329540681335063
-0.655720948241651,-0.905593269066912
0.391452370677143,1.29988843675241
0.426796949468553,-0.118489966546735
0.51969551295042,0.277927421291329
0.784456736873835,1.42851006473325
-0.772942862473428,-1.34061592866495
-0.999162946362048,-1.38634782752541
0.897626161575317,1.47876571033009
0.531421829015017,1.17286391686644
-0.640262161847204,-1.50660350555119
0.226946288719773,0.721544645614651
-0.231679028831422,-0.438881296385544
-0.297613800968975,-1.64996944633284
0.154822053387761,1.14768158583777
-0.103231969755143,-0.98121620115836
0.521453022956848,2.01414207686529
0.871502229012549,3.06855282301299
0.620678835082799,1.50075231261791
-0.586623581126332,-2.46338770666688
0.949442865792662,4.00487187504513
-0.878035988193005,-2.0908292976889
-0.46689876075834,-2.09833066577025
0.229852278251201,0.791506878837707
-0.441377717535943,-1.93602485435513
-0.819543569348752,-0.871005288054147
0.68774697650224,0.657596574904513
0.538005585316569,2.22305078967903
0.479651123750955,0.740402860248796
0.0522352736443281,0.513373605996212
0.872761734761298,3.41752829002902
0.977886219974607,1.87592961092621
-0.03149105142802,0.661048066518585
0.941378371790051,4.16749840008916
-0.00935339974239469,0.220809072843841
0.0674702622927725,2.1385186001596
0.615013290662318,2.96044837150666
-0.861801640596241,-0.0765822631016098
0.324081619270146,2.4353138296434
0.478062071371824,1.32074044825107
-0.156339474953711,-0.91770828892934
-0.0193573446013033,-0.656280103925573
0.970174817834049,0.403394019552805
0.437415946740657,2.15726121433715
-0.621101206168532,-0.432206111619024
-0.577096791006625,-2.90063612688251
0.229840787127614,1.88016736304281
-0.450251679867506,-0.489685414311696
0.288960543926805,2.68431453215753
-0.402972869109362,-0.871197566834105
0.154883140232414,1.31986771867026
-0.421404567081481,-2.80493053716903
0.372933980077505,0.934873721647103
-0.926249904092401,-0.840155439360009
-0.281659870408475,-0.357814381805084
0.613607390783727,0.976329408954873
-0.182444461155683,-0.34587207903487
-0.688687251880765,-1.16398092920604
-0.135862892493606,0.742912707647131
-0.320010042749345,-0.416243442977968
0.111752705648541,0.830573454185911
-0.501248230226338,0.370504325876916
-0.484982134308666,-0.951004639457298
0.062966737896204,1.47337693056635
-0.424855278339237,-1.39400488155715
0.46940537635237,1.19747384195786
0.894971916917711,2.68427887632281
0.907670667394996,0.813151420245623
-0.331202226225287,-0.704927420109404
0.882522117812186,1.85949272733487
-0.95420758286491,-3.34848351180721
-0.17708783922717,0.473027684469143
-0.0552168497815728,-1.92747839822457
-0.919857108965516,0.280375016466924
0.215349733829498,0.222974677729153
-0.421656720805913,-1.85597647368383
0.0590566745959222,-1.37372024510056
-0.0538452086038888,-0.00073391900134151
-0.724669893737882,-0.351939072151186
0.645517501980066,3.75429552020139
-0.934708209242672,-0.302593370589515
0.445392224937677,1.93483887191733
0.523586425930262,2.47410584159964
0.843883112072945,0.650798520557631
0.869781493209302,0.97561436300351
0.90435204282403,2.86403055888743
-0.646694182883948,-1.24425342162069
-0.339587062131613,-1.00825006964767
0.902867118362337,4.36343026396956
0.127775815315545,0.0388714904075769
0.520975892432034,1.11902574604522
-0.448390239849687,-1.17941900621309
0.649260954465717,2.33220768351512
0.525592118036002,1.05280303393175
0.239302483387291,0.487189403059555
-0.32818296412006,-0.333264408704245
-0.799007469788194,-2.27573181766577
-0.922495368402451,-2.17058119499738
-0.0714095355942845,0.302906409678001
-0.872245949227363,-1.47579692518798
0.0995683209039271,-1.08061481178123
0.52333576977253,0.479408009777168
0.46540403040126,0.931451319112303
-0.699752317741513,-0.617507107616063
-0.74416904617101,-0.918888734546176
-0.738478417973965,1.3658245497607
0.671032722573727,1.70455190088757
0.656353741884232,1.6704949667423
0.980976541992277,0.390071540774776
-0.0810815407894552,-0.401416809141545
0.395062970463187,1.47486845953826
-0.406462461221963,-1.97202929432057
0.139759560581297,1.54522407712203
-0.241494717542082,-2.24856167929862
0.983651718124747,2.39236744043953
0.188847871497273,-0.881503639841838
0.549075422808528,2.85750133996935
-0.116871439386159,0.22112797113024
0.707410747185349,2.91134525164758
-0.104544440750033,-0.275217078557744
-0.416832759045064,-1.66008449354417
-0.920888404361904,-1.04232063883938
-0.970746631268412,-1.32379275001301
0.6836943840608,0.700352486698737
-0.292365705128759,-0.216540839064762
0.394341964274645,0.262973048691224
0.824599776882678,0.679217700407591
-0.483727366663516,-0.898008076470109
0.168258694000542,2.16677716881565
0.3125623408705,-0.0887131586257286
-0.0551525042392313,-2.63183318633698
0.701904115732759,2.30103079889656
0.178464262746274,-0.330628571672155
-0.927842802368104,-0.752053116482176
0.249052341096103,0.486630679682389
0.743209001608193,2.49921713056689
0.396867381874472,2.1202839651307
0.27642669249326,1.30276295027685
0.720864608883858,1.23531081836016
-0.733027453068644,0.742263093909181
0.983287875540555,1.56973645679328
0.355855774600059,0.809542159468349
0.48070204211399,0.584439078422235
0.23884197184816,0.683510108241907
0.843797055073082,3.95037806591648
0.645234908442944,3.42814431694841
-0.748839281499386,-1.96853213185354
-0.00995201617479324,-0.0806934089564901
-0.395636255852878,-3.51165279950735
0.606149895116687,0.563441773436404
0.649621610064059,2.13420072113834
0.0334270028397441,1.62055494506039
-0.745470570866019,0.324120041269669
0.922891702968627,3.40850560994898
0.21146315196529,-0.464463208247681
0.0760286110453308,0.631906044819709
0.925336693879217,1.679292301664
-0.23165119253099,-0.993493815251073
-0.747316478285939,-0.414266496845568
0.760915748309344,2.81562525592796
0.654884834308177,0.83587142330565
0.528930982109159,1.49231464713295
0.790617276448756,1.71498192717885
0.144526802934706,0.397744842367071
0.716581305954605,2.58438594217736
-0.553935451898724,-1.05326912557217
-0.998065758030862,-0.120095073118001
-0.395469456445426,-2.66270491711298
-0.928027661982924,-0.751319666185621
-0.235257586464286,-1.89043107939953
-0.578150315210223,-1.77561957665686
-0.499538840726018,-0.288187971351922
-0.271527859382331,0.270037100126056
-0.161438380368054,-1.35964379579009
-0.912908832076937,-3.07844767910421
0.170375210698694,0.991734960897144
0.0713941473513842,1.21353449002873
-0.325529572088271,-2.02523480321648
0.0898379320278764,0.0586740470408275
0.748156187590212,3.33720700849816
0.371636853553355,0.832468698329057
0.583317230455577,1.03580899128152
-0.135361787863076,0.807081461763484
-0.00260260608047247,-0.477751684049152
0.010642399545759,0.515701680731642
0.663972827140242,1.3867610908154
-0.485146610997617,-0.779811568566156
-0.896095588803291,0.311914903282041
0.733407517429441,2.50323444067095
0.303169847931713,-0.224286360471208
-0.438891239929944,-2.37885912909624
-0.403894352260977,0.422770365521439
-0.890005569439381,-2.32024391684956
-0.77546007419005,-1.13909868713501
0.619372013024986,1.80600352350531
-0.580974854994565,-0.370397959228021
-0.0428872960619628,-1.80349774229751
0.352568540722132,0.413670743438653
0.241270069032907,1.99867088759465
-0.791960396338254,0.458690312261917
0.603204736486077,0.61363795882528
0.198113802820444,2.6786774333336
-0.167192698922008,-1.71375790458285
-0.858654478564858,-1.50719180919001
0.512984118890017,3.87224037040827
0.808299318421632,1.07910375288455
-0.371082079131156,-0.920927539922197
-0.0314573799259961,0.307284075272498
0.805801968090236,1.7839627473133
-0.997427351772785,-2.84168149641623
0.377324240747839,0.502680645920098
-0.483348757494241,-0.426520609948317
0.818696734495461,2.50195508206953
-0.536612482741475,-0.266240959057555
-0.988502150401473,-1.72403827437352
-0.0125500028952956,-0.810485024512961
0.941783641465008,1.83771282536687
-0.277841033414006,-0.383911285345784
-0.713524569757283,-2.18184538804673
0.149690600112081,3.43479522191578
-0.401607042644173,-0.829864878479614
0.796930053737015,1.93802809451211
0.402307977434248,1.69601067056
-0.0667020701803267,-0.205931415765638
0.316791728604585,1.51745891551131
0.446791133843362,1.18081397011077
-0.728644077666104,-2.83208800353502
-0.624571452382952,-1.23164040255396
0.147358204703778,0.0189150040444588
-0.734300469513983,-1.31497288288375
-0.522139003034681,-0.496979835646725
-0.147031371947378,-1.65851849992412
-0.275508273392916,-0.798869874908788
-0.332415749318898,-1.74661114252041
-0.938246088568121,-1.59660204702784
-0.872182326391339,-2.63172243530467
-0.976920719724149,-2.19451577923809
-0.148948716465384,-1.19616870118441
0.415735200047493,1.51740980747339
-0.287499543745071,-1.42968024466256
-0.937619860749692,-1.52395570402308
0.204702901188284,-0.289941793543763
-0.443444448523223,-0.488257845333238
0.419302721042186,0.766519906505148
0.153347170446068,1.64157915930647
0.305177129339427,1.10936886411495
-0.216319787316024,-1.79572041446104
0.413202967960387,1.50610574436379
0.328093003015965,1.47782232138566
-0.296710294205695,-1.29660647513252
-0.735756407491863,-3.16938867464833
-0.935705634765327,-0.66708891079869
-0.301230753306299,-1.83004673996101
-0.953416319563985,-1.71310062893867
0.701275281142443,2.52946060028363
0.465972627513111,1.26416942303575
-0.408741351682693,-1.03567777547314
-0.650343152694404,-2.08349940823722
-0.314726300537586,-0.318153416511432
0.828425902407616,1.43593011898655
-0.954838286153972,-2.06831436116215
-0.931408814154565,-2.9082975512293
-0.255962564609945,-0.119183705466083
-0.760319878347218,-1.18215289319295
-0.551201726309955,-0.519241725975803
-0.609265514183789,-0.822157422442594
0.600275379605591,1.26156395299497
-0.691187815740705,-1.75820099442282
-0.0333502353169024,-1.80818106094482
-0.793066185433418,-0.860749574274948
0.334165454376489,1.34923043618034
0.493309519253671,1.83769287831919
-0.749387960415334,-0.683270126778015
0.373425500933081,0.278594872154013
0.821977841667831,0.630702773092774
0.0785644580610096,0.702062213027226
-0.963710457086563,-3.28996688683042
-0.0972629874013364,0.306333776939885
-0.937945074401796,-3.11430593090893
-0.717369474004954,-1.00031351316428
-0.701720830518752,-2.02646375223363
0.602535860612988,2.9182892275007
-0.373925512190908,-0.431486392342804
-0.518988729454577,-0.559817534100268
0.580272002145648,2.9943234771548
-0.283175058662891,0.110082909205684
0.74830413563177,0.611766984854736
0.40436996659264,1.72746976088605
-0.66627414803952,-0.725026763073417
-0.860323270782828,-0.864367069096795
0.2099778810516,2.70184021774567
-0.0506486902013421,0.0720049880150149
-0.695011261850595,-1.41736188166342
-0.532420116476715,-1.92529007713037
-0.5255928770639,-2.02438922996616
-0.0442373626865447,-0.53763839391258
0.717270612716675,2.44767751300117
0.718870930373669,0.117928162244071
0.322381259407848,0.675892427738813
-0.439841498620808,0.75878542306693
-0.879477875307202,-0.998395166750498
-0.359307084232569,-0.129191282126587
0.68552178889513,1.42047653985503
0.909500190988183,1.46074540849387
-0.043895848095417,-0.889646920205619
0.501922815106809,0.658727996178995
-0.229008044116199,-1.49576438040625
0.686127556487918,2.75326199860444
0.22581085935235,0.358747892468146
0.371752690058202,1.24288764396673
-0.892730384133756,-1.09321586209252
-0.822681206744164,-1.93625451945837
-0.462300978135318,0.925867076043799
-0.102962835226208,0.0633757202444548
-0.54964757245034,-1.7618703842785
-0.847673675511032,-1.31821585718164
0.442152186762542,2.95854188227179
-0.146492658182979,-4.00824994257882
0.468067499343306,1.92049785924414
-0.97757247230038,-2.68192629131002
-0.375389953143895,-2.31275636513787
0.976282299496233,1.65363406880665
-0.889699778519571,-2.89494485692423
-0.201556142885238,0.709634382678201
-0.534380909521133,-0.630261622344997
-0.327455603983253,-1.84734829117911
0.672775410115719,1.10503881338787
0.504354186821729,1.03858084316969
0.808989814016968,3.96455764688496
0.154202101286501,0.963471913346566
-0.534266849048436,-0.459335384689717
-0.53562574274838,-1.85467954730691
-0.648645854089409,-1.41053474350473
-0.284122800454497,-0.514257602410088
-0.904821613337845,-1.1667070611505
-0.196862300857902,-1.26955077289921
-0.368706464767456,-2.03448355235658
0.175872519146651,-0.353023165060514
-0.783402214758098,0.205585665462709
-0.111047233454883,-2.06048155026973
-0.438430316746235,-2.1542569361781
0.948776942677796,2.26202783653259
0.0933900619857013,-0.0918530712427806
-0.677998221945018,-1.20020366881376
-0.825228509958833,-0.635346469932397
0.363072481472045,0.297388663123904
0.573650045320392,2.34671668235593
0.545915143564343,0.678232236829313
0.87913292972371,2.63950221564822
0.14113234821707,0.049387322178528
-0.739724688697606,-0.770219631350573
0.391086461022496,1.84140655740577
0.38458902342245,0.675005806885858
0.078235958237201,0.926866268768548
0.469431990291923,1.88776184478862
0.283403893467039,1.62954142775324
-0.973071437329054,-3.07247832575433
0.792719137389213,2.38477533633415
-0.913602860178798,-0.933817821758672
-0.120953094214201,-0.267912832811721
0.964024940505624,1.02079152271128
-0.379367287736386,-0.970719470493182
0.819567897822708,2.64795083054101
0.909715401008725,1.49064045311475
0.942280924413353,2.19949775242589
0.394590017385781,1.16096402592728
0.457721823360771,1.17960894646852
-0.393599071074277,-1.74952087636998
0.613901361823082,4.12214155483463
0.782796129584312,1.60405137360819
0.184036130551249,0.636390247343891
0.740174332167953,2.17990418991569
-0.870978707447648,-1.62871085666138
-0.00086833955720067,-1.59214930338726
-0.428100490942597,-1.29444304359797
0.103404907509685,-1.65680201662264
0.153103556483984,1.03607893921074
0.295219296589494,1.46826195884108
-0.316176174674183,-0.917923031017711
0.511725835036486,1.63282471137668
-0.128589525353163,-0.282355245776945
0.87922380072996,1.55424481907569
-0.756944740191102,-0.653347559863709
0.33568943105638,2.74288139848966
-0.812809405382723,-2.55299633217863
-0.0459421779960394,0.390936969178143
-0.332622955553234,-1.5198948245815
-0.158456692006439,-2.82420948884601
0.396505174227059,2.14013683896163
-0.237111664842814,-1.33139551221333
0.922602374572307,2.54208881743187
0.984808055218309,1.32293309928192
0.650713714770973,3.64349504927218
0.80721472715959,1.66835156616557
-0.726423007901758,-1.02017125380312
0.341823881492019,2.06436511784404
-0.243523600976914,-2.10727718580071
0.695041450671852,2.5557000212565
0.364980223122984,0.943772700591245
-0.534560796804726,-1.87818970905897
0.712209352757782,3.33324508267117
0.845398490782827,0.461755736510941
0.952295470051467,3.4515504309929
0.65866689523682,1.61821375591532
-0.455533611122519,-0.545645831207855
-0.662080642767251,-1.5159761570928
-0.0277487682178617,0.888245191158728
-0.0340434871613979,-0.700891065951484
0.0608041784726083,-0.057419219131721
-0.823268582578748,-2.24577178820495
-0.702424849849194,-2.18005492474272
0.93318711174652,2.15967663507911
-0.615601449273527,-2.28735034809517
0.728292752522975,3.09599866391942
-0.162454078439623,-1.21568435026853
-0.600786695256829,-0.610731279443779
-0.290892657823861,-0.828996740537039
-0.224543770775199,1.28252757029256
0.117944393306971,0.990309048723467
-0.207497966475785,0.802487645084729
-0.0157911232672632,0.0476657180042914
-0.305976243689656,-0.799383053784807
-0.876523892395198,-2.75908564180745
0.322097041644156,-0.738604347597998
0.40504172956571,2.38715346122993
0.578233089763671,0.317246436563487
-0.592516805045307,0.119845936268144
0.49277260247618,0.919287142156914
-0.443141598254442,0.396611778195436
-0.885005391668528,-0.435381760577067
-0.127105181105435,-2.10306091922829
-0.854999435599893,-2.31559524368101
0.11877959035337,0.417231994380593
0.399969697464257,1.29320377063117
-0.849576346576214,-0.86953211928986
-0.837479306850582,-2.00457549731658
0.830533932894468,2.4189204062707
0.00125418324023485,0.917398242579634
0.461667243856937,3.24875514024847
0.0219729552045465,0.469433601057645
-0.922878223471344,-1.51617668408111
0.297735060099512,3.06067515115519
-0.147882193792611,-1.87805754553875
-0.030951093416661,1.13495262565558
0.232997059356421,2.16098364894769
0.705248003825545,1.1078520667446
0.170730351936072,0.69390813381665
-0.515402847900987,-0.523165110350522
0.882582682650536,2.93896930361007
-0.526994351297617,-1.39220957556823
-0.320729501545429,-1.6106327501661
0.234747895970941,2.36320530764116
0.977228557690978,0.916364708238639
0.820100038312376,1.76381049119258
0.0733468951657414,-0.0833281974017752
-0.904984829947352,-2.11898610858854
0.312217333819717,-0.658073356372468
0.403107093647122,0.440432471472908
0.950912066269666,0.574188412889358
0.19139825226739,-0.0242850454176722
0.0628089276142418,2.11372866582949
-0.692745123524219,-1.5230413088963
0.369125843979418,0.0790171670275746
0.0461216610856354,1.39020870463481
0.465751500800252,1.56900478836416
0.563599252607673,0.534056421921489
0.435364724136889,1.90366134558416
-0.263425339478999,-2.10633047255654
0.562152245547622,1.70056000795193
-0.0510940812528133,-0.355878692795775
-0.699244526214898,-1.61178757006402
0.36026765499264,1.41950596819862
0.776470734272152,3.91152978872532
0.802594117354602,0.463344530311051
-0.405982882715762,-0.126370039747562
0.65619278466329,2.59656950894195
0.331812727730721,1.25088879153954
-0.955036825500429,-0.572512294692905
0.783007189631462,3.16006923183806
-0.780598268844187,-1.77615399741977
-0.204896481707692,-0.793488150279564
-0.151189726777375,-0.589611913145357
-0.197923737578094,-0.690991909775027
0.440435452852398,2.03154334977487
-0.616627599578351,-1.41513142938019
0.792299456894398,1.46489371219614
-0.240888330154121,-1.05787367174255
0.344774599187076,0.892323063687067
0.21420090040192,2.00400841135123
0.78502330975607,0.564031017639064
0.448460944928229,2.39929178734436
-0.58803200814873,-0.332540845199424
-0.384207843337208,-0.555047476720534
-0.784498038701713,-0.288687482484786
0.871773070190102,2.05751604780364
-0.502969631925225,-1.15203996388958
0.247145579662174,-0.379018933661983
0.261881802696735,0.713866045728027
-0.779579900670797,-0.00498922613210562
-0.577688424382359,0.508736521221223
-0.519813796970993,-0.850056319601644
0.666319978423417,2.41436750271001
-0.411818323656917,-0.365105275061687
-0.432652228977531,-1.81580326948031
-0.838337333407253,-1.16172601324849
-0.381990410853177,-1.06660965766629
-0.547568034846336,-0.984185999469421
-0.918052511289716,-2.85673845514621
0.581338773481548,1.31203844807052
-0.542315323837101,-1.08571851369465
0.491222385782748,-0.741694564951164
0.725827573798597,1.17074087466198
-0.163885121699423,-0.419625585260704
0.945598949212581,2.36493195670561
0.349072439596057,1.48843467169673
0.683789469767362,2.23631429430771
0.747696975246072,2.48657456904969
0.796585818752646,1.17490336473741
-0.499344311188906,-1.3469199176191
-0.813881668727845,-0.595586233021515
0.567995362915099,1.47157161948536
-0.93208668101579,-1.85352092737765
0.360432238783687,-0.0547766697026049
0.112912171520293,-1.87270474041161
0.716716805938631,2.42296060675734
-0.473902456462383,-0.432963538222896
0.93453143723309,2.4403572097079
-0.109233641065657,-0.323192370269702
-0.32807391975075,0.802936473504646
0.616983983665705,1.20573996741719
0.613644018769264,2.46056454937863
-0.649606719613075,-0.842802805822987
0.506432263180614,1.90713419900727
-0.719738488551229,-2.75858049190447
-0.711539830546826,1.2152653100301
0.447941307909787,1.77906076157987
-0.940176680218428,-3.24419391989691
0.70169331645593,3.63154869220102
0.200969450175762,-0.857299546016114
-0.82903562579304,-0.91260691860753
0.0269771153107285,-0.0729822063178112
-0.151932863518596,0.795674337598645
-0.107962411362678,0.894453905394884
0.97665341431275,-0.518193298438626
0.0307347611524165,2.0578977217648
0.000519184861332178,1.1629183417254
0.71848355839029,3.41007581134022
0.320566203910857,0.891081178636305
0.486438172403723,2.43278721794398
-0.645219266414642,-0.874706656866099
-0.906227386556566,-0.279679428196227
-0.0125370752066374,0.155536757108437
-0.538466138765216,-0.323140379107498
0.801164438948035,2.95448354577747
-0.563598386477679,-2.34940338479788
0.210649086162448,1.59770635960474
0.527526599355042,1.70764561366712
-0.945516393054277,-2.09819081044514
0.694467945490032,1.50810710316378
-0.846652465872467,-2.93036518461247
0.351643434725702,1.19798852273982
-0.422035025898367,-3.40373291895204
0.336601487360895,1.32285193452726
-0.260435580741614,-0.427289224093148
-0.544407772831619,-2.02831613207593
0.733690616674721,3.3698945030424
-0.233161599375308,-0.636868905812257
-0.958041173871607,-1.64885048755462
-0.31973907770589,-0.275537132831287
0.370362289249897,1.58149624482238
0.831384614575654,0.553297763752358
0.206380409188569,0.478951429283049
-0.271685924846679,-1.29197909404142
-0.09971690364182,-0.59599099880551
0.523062021005899,1.23470666154292
0.0917396959848702,0.0404087485409559
-0.740538238082081,-2.24478453748434
-0.90097093814984,-1.14336984290598
-0.841265366412699,-0.907319689177044
-0.666945559903979,-0.443553505158576
0.335201146546751,-0.0359757111985584
-0.859840451739728,-0.571417734284233
-0.225421680137515,-0.0652027374076605
0.45117659913376,0.820787710703286
0.742198376916349,2.49016232753752
0.0180791625753045,1.26307716967244
0.0153915216214955,-0.475958827024804
0.163051802664995,-0.223898923681769
0.231053358409554,-1.24521276598703
-0.354953676462173,-1.14093711629348
-0.0109655689448118,-2.09204673072186
-0.164147048722953,-1.13147531172029
0.0176598755642772,0.19711931727445
0.198274711146951,1.24096401220993
0.109021599870175,1.76102016766658
-0.924473806750029,-0.401238909265845
-0.475190071389079,-1.38082028841809
0.109981535933912,1.58073609090823
-0.825160406995565,-2.97635547765396
0.546489490196109,1.05618820032683
0.744567576330155,0.318363416490536
-0.775985171087086,-0.953509403263616
0.29233981994912,0.658325746321715
0.726104618515819,2.13663544142359
0.415627034846693,2.04691762572181
-0.662380930501968,-0.684863669263812
-0.966791737359017,-1.31308319130768
-0.734344483818859,-2.08596040203696
-0.459013541694731,-1.39305648838526
-0.958797399885952,-2.04282556795755
-0.320240853354335,-1.66492150229314
-0.380856503266841,-1.37415309811032
0.494587317574769,0.953390026649511
-0.840514334384352,-0.967484167381815
-0.445807917509228,-0.424563751885461
-0.302903443574905,-1.01975133512617
0.808547143824399,2.95829569391717
0.304025005549192,0.281974267643999
-0.602503437083215,-1.72017610018046
-0.0372199830599129,0.269158507924739
0.514600628986955,1.38524628359028
0.30244810320437,-0.113500605980016
0.338274514302611,0.455273538349418
-0.230337360873818,-0.95824115580541
-0.943753720726818,-0.925163958599413
0.799750627018511,1.65594988713343
-0.0606215191073716,1.1314887948555
0.452659131959081,0.183367063523227
-0.269468498881906,-0.717188238013977
-0.50677533634007,-0.662313870700845
-0.989161375444382,-3.15399159069897
0.628181960433722,1.80221877431127
0.999446995556355,1.57756038459617
0.379404137376696,1.26788743418291
0.553008467424661,2.08557562605496
0.385525757446885,0.483304623058612
0.944334748666734,0.97147356437141
-0.660951150581241,-1.71125727424751
-0.890816203784198,-1.59012760792215
-0.381832230836153,-0.702803964757207
-0.320548966061324,-0.743970926633393
0.778423317242414,0.195325465152055
-0.588589425198734,-0.0974112146413058
0.387652323581278,3.43633926474136
-0.669836635701358,-2.30151579137492
-0.138866850174963,-0.371569869986673
0.719580116216093,0.110144183141191
0.833833448588848,2.01690936130827
-0.328371763695031,-1.3530430858289
0.831470064353198,1.95850070186409
0.778357608243823,2.69218762776677
0.97207482624799,0.175357659129282
0.191935728304088,-0.792794202585268
0.447215996682644,1.69109650248653
0.484527054708451,0.412362815384858
-0.0924761593341827,-0.422159127377823
-0.345264617353678,-1.08856507837186
0.578093022573739,0.372163340454069
-0.97758446354419,-1.20304215954648
0.345498448237777,0.875592992904996
0.361681527458131,1.01960654370521
0.241830325685441,2.24156429616463
-0.435461276210845,-0.788605369600684
-0.534237576648593,-0.207076274524081
-0.947341543622315,-1.44163474887343
0.729986102320254,1.22573843033026
-0.867546166758984,-0.971855943662747
0.55167683493346,0.773115461534705
-0.23181384941563,-1.62026131187314
-0.973120491951704,-2.83367051978611
0.322883356362581,2.91176585848319
-0.181952906772494,-1.54244582405207
0.961905012838542,1.49414458199893
-0.164713449776173,-0.888915713182238
0.216183128301054,0.431448721134847
0.788726585917175,1.97185212399915
-0.471406070049852,-1.56576841150022
0.378714444115758,2.26377324066481
-0.37934753485024,-2.08895688462666
0.28546053217724,0.13937098838842
0.490542567335069,-0.383063514009133
-0.708698991220444,-1.37263680333541
-0.229380027391016,1.43056320412264
-0.811506425961852,-1.09072174920853
0.242349473293871,0.508649436331587
0.263110531959683,0.638716204794095
-0.627370179165155,-0.514272105843906
-0.556679680943489,-0.104459728643756
-0.0142955244518816,-0.24611896307969
-0.0454006702639163,-1.42191634882374
-0.948279747273773,-1.33561231038355
-0.517107301391661,-2.09524152962078
-0.426945541519672,-0.870464487283305
0.720737944357097,2.06284126130052
-0.415039198473096,-1.11322521616628
-0.112081537023187,-0.411680414479982
0.331669531296939,1.52944848725518
-0.627978617325425,-2.26824379339217
-0.910391872283071,-2.42877079530804
0.914758244529366,1.11139561353396
0.771453603170812,1.23431156986499
0.596733380574733,0.24028043238651
-0.702346468809992,-1.77819587506628
0.953148352447897,1.1761500201442
-0.0288114417344332,0.303293759474738
-0.190075397491455,-0.400317205811159
0.0404976308345795,-0.258466627538736
-0.343270646873862,-0.981243616441494
-0.211457862984389,2.37411403555579
0.143973117694259,1.68906376734018
-0.957577474880964,-2.31441055973666
-0.738921103067696,-0.578852003655671
-0.621770851779729,-0.787450317686489
-0.692053115461022,1.3928772527582
0.0784832686185837,2.65770359694377
0.619289946742356,1.86490713215473
0.973269859328866,1.7891184133928
-0.981081742793322,-1.93239537237148
-0.223244892433286,-2.5223278689205
0.452791062649339,0.968967548525686
0.879951442591846,1.88279123569072
0.791123550850898,0.954291235390777
0.454025337472558,-0.672055009827619
-0.119172191247344,-0.414797507233244
-0.179081867448986,-2.02522792778907
0.022860168479383,1.66335199546543
-0.937674851622432,-2.38894393766716
-0.702371732797474,-1.00905265844402
-0.769523649010807,-1.70426007376247
-0.519617882091552,-1.08173649714726
0.187960569281131,0.523880380056105
0.583187322132289,1.92646201995116
-0.564489587210119,-0.598147662563502
0.816949617583305,0.419023926739438
-0.655872296076268,-1.10874126603958
-0.278179349377751,-0.50815849292586
0.698444006964564,2.89831333346395
-0.605680553242564,-0.213391238377135
-0.585782717913389,-0.595564675070054
0.177895752247423,0.673379061050377
0.566985249519348,2.88416129450278
-0.335664052981883,-2.09571281400748
0.737060561776161,-0.0714578849403211
0.914903888013214,-0.369499655742131
-0.764848910737783,0.090594855970455
-0.462750331498682,-0.550771551491286
0.710457752458751,1.793788644916
0.123232922982424,0.843748587658742
-0.407938099000603,-1.64199664461237
-0.385109967086464,0.144516969336919
-0.733170959167182,-1.13191213597846
-0.122381685767323,0.995433704147274
0.980376918334514,2.36165212711762
-0.288380987942219,-1.31816952785077
-0.256948583293706,-1.78373161304378
-0.952395145315677,-2.29246084920154
0.320237799547613,0.47805155397488
-0.076575483661145,0.987140285039431
0.597676473669708,3.50627539735052
-0.575732115190476,-0.195778731892118
-0.595737950410694,-0.190817958083269
0.913590173237026,3.05650015730446
0.608882448170334,3.59833284175183
-0.965294818859547,-1.13288324268155
0.123684956692159,1.4109107899727
0.911557075567544,2.05359925073737
-0.998987178318202,-3.8827050390392
-0.588113715872169,-1.38607213637305
0.903293341398239,2.25498815919037
0.973190085962415,3.376353560782
0.750532812438905,3.29935871488699
-0.20817842008546,-1.57717521583568
-0.668759735301137,-1.87080215078076
0.663278077263385,1.43386814741228
-0.977336342912167,-0.908039828304658
0.445162250194699,0.530002982366524
-0.160408035386354,-0.470765638991913
0.0720684719271958,0.493749426361221
-0.670205103233457,-0.153950059394621
-0.184135191142559,0.0155564953972847
-0.773620098829269,-2.08554932544475
-0.0735644097439945,-0.869647360635255
0.571082858368754,0.0837417502905062
0.0412163794972003,-0.191013961016945
-0.247001576237381,-0.376912018596963
0.701854677405208,2.24151954722871
0.840937765780836,0.777919161642856
-0.0179273327812552,-1.03958934217895
-0.539969903416932,-1.09905259526606
-0.0278029195033014,-0.501748450754042
0.185341596603394,0.307455296341616
0.294476427137852,1.4529895404991
-0.00332004483789206,-0.773714056050214
0.55187147622928,-0.368298149451926
0.863476892933249,1.86116515577653
-0.432147035840899,-0.465034649937009
0.231775202322751,0.117397574493138
-0.631909785792232,-2.45146789199379
-0.831289621535689,-0.478527680849159
0.598580897320062,1.85065703023208
-0.476584369316697,-2.08819695046724
0.897188424132764,3.63820712098045
0.231676650233567,1.17720355924616
-0.667481371201575,-2.76547451395435
0.0660590319894254,-0.75228865913292
-0.869765997398645,-1.90277527907553
0.275426388252527,-0.183127685932763
0.638960462529212,1.36139916960315
0.0346658607013524,0.610981975931577
-0.506521972827613,-0.79045068775664
0.199448719620705,1.86562383848288
-0.670838077552617,0.60775979982881
0.414265844039619,2.66752922566702
0.460431959945709,0.983697232576278
0.693359782453626,2.70748506609243
-0.517751834820956,-0.416471444063132
0.800623722840101,3.15659746340839
0.25322085339576,0.810305942215679
-0.13362474553287,-1.21758096862098
-0.417614310979843,-1.09199429513194
0.299702205695212,1.80452355073649
0.87917947024107,1.8683077275846
0.0127356499433517,1.3729260625146
0.820724834222347,2.07731795492514
-0.20088877948001,0.160571514723144
0.835876679047942,3.29749313633453
-0.188067463226616,-1.87564406432331
0.387705340050161,2.31965189665152
0.716643533203751,2.11368690433103
0.869693462736905,1.27379603799193
-0.155081016011536,0.508846263185002
-0.126028812956065,0.803285189910598
-0.084527647588402,-0.157619070798189
0.13856747187674,0.783721984428712
0.406096823979169,1.21882279757334
-0.868073728866875,-0.940545664968367
-0.939018771052361,-2.61175485256459
-0.476620950736105,-0.0115842321327602
0.277584088034928,1.36505248167358
0.306176726706326,-0.659997993687394
-0.377785655204207,-0.136037436542189
-0.553007210139185,0.500189278527325
0.503733023069799,2.64827879834763
-0.850607726722956,-0.986131610751286
-0.00703725032508373,-0.756010003035253
-0.969449519645423,-2.90815470278191
0.38617168366909,0.406708801223447
0.810859940946102,2.64957250797269
-0.817965912166983,-0.464317324377151
-0.929359797388315,-2.28159585925057
0.724016142543405,0.929577005786535
-0.896074040792882,-1.94892413601634
0.300523561891168,1.52507009903653
-0.254468897357583,-1.33479082455434
-0.107442602049559,0.382779794674871
-0.467806629836559,-0.860147307389284
0.800293377134949,1.00742037495784
-0.508877211250365,-0.573982793567897
0.156686516478658,0.86512333703608
0.591388805303723,0.827904268890768
0.588865782134235,2.40348708597995
0.740313226822764,3.32360640518597
0.352819359395653,1.67971763928534
-0.0550737986341119,0.865610294707449
-0.500361448153853,-1.23022530218645
0.681956793647259,1.72951688052648
0.437976800836623,1.80869649558136
0.447061540093273,0.180783186128139
-0.677634814754128,-2.04238830305813
-0.487199810799211,-0.760205824144503
-0.621420491486788,-0.0914584206092832
-0.502683663275093,-0.302291512042896
-0.012621829751879,-0.826900172873936
0.259004654828459,0.900749468124869
0.0277911340817809,0.776781711171304
0.726624433416873,2.72416325617145
0.586879590060562,2.16768859849671
-0.667548436671495,-1.14864779993503
-0.224483934231102,-2.62055173806123
0.131989179644734,1.06057565571143
0.286165190394968,1.00119474320916
0.741455014795065,1.75616929699415
0.103163907770067,0.60422394352563
0.00767555460333824,1.22073283042665
-0.895781579427421,-1.10098783160719
0.272352692205459,1.69265921624813
-0.67293609585613,-1.94482882421699
-0.546400150284171,-1.1295224724573
0.293984042946249,1.74127382906554
-0.227089779917151,-0.487697638765936
0.132596628274769,0.548630922839257
-0.668865014798939,-0.577269214651612
-0.848130599595606,-0.984572148507266
-0.120524223893881,-0.535403301833736
-0.986219393555075,-1.99123822407251
-0.091037284117192,-0.576933158936913
-0.641003801021725,-1.30526021419704
0.723233314696699,2.11931701773222
-0.775357868056744,-1.59646576870119
0.120281307026744,0.141984707573875
-0.61889383662492,-0.831439937651168
-0.291753437370062,-2.4084012641819
0.875056273769587,2.3370851598631
0.0238307910040021,0.388727672732072
-0.0663604428991675,-0.229279543863265
0.472001826856285,1.28473043915901
0.219221940729767,1.11600509411562
-0.887876475229859,-2.0499275663947
0.10317140026018,0.949185645806467
-0.61374550126493,-2.5138021437135
-0.0451691038906574,-0.577015526815163
-0.43706643069163,-1.63073618286071
-0.473186703864485,-2.35308104965774
-0.359254885930568,-1.07429050256455
-0.768920252099633,-1.44387503410365
-0.774805091321468,-2.40645005054295
0.865648386068642,2.79136787844188
-0.505232967436314,-1.59258318592583
0.203532901126891,1.76060417784732
0.749204326421022,4.30753718391402
-0.914163946639746,-2.01879651844933
0.692203359678388,0.00833391657806981
-0.476157969795167,-2.0878936589869
-0.386600635480136,-1.72266960556451
-0.370637224521488,0.444133531613605
0.35500705614686,1.77192993725259
0.698705347254872,4.24585947626493
0.486142099834979,1.33474122242893
-0.36077289422974,-2.0831606767564
0.490909371525049,3.85968310956529
0.1277303728275,1.54878248169218
0.535221885424107,2.53869015058921
0.0671596806496382,1.57006846017947
-0.399535162840039,-3.2346909107317
0.416392263025045,0.654787589557051
-0.687310080509633,0.712472675039424
0.933296088129282,1.59979837111916
0.197669345419854,2.38009350323345
0.0568795851431787,1.84333865848802
0.126088604796678,0.0853543525155709
0.806319892872125,2.49353425226259
0.961658440995961,2.44311620883321
0.205203006975353,1.05925547868064
0.294183737132698,1.49883091720219
0.264152011834085,0.767768687918983
0.842732441611588,0.102652624156592
-0.408348185941577,-1.92565686657084
0.354446884710342,-0.406627976022923
-0.427385420072824,-2.10217250864166
-0.434862659778446,-0.511133071672098
-0.748786772135645,-1.91636831708885
0.0469730645418167,-0.193028733399017
0.23481640778482,1.88696795381525
0.15755755500868,1.00800539002941
-0.53810436045751,-1.48325487030429
-0.0864916602149606,0.0136163865434474
-0.510659054853022,-0.913849636136143
0.660064555238932,1.68216550633884
-0.549794716760516,-1.76873246452089
0.465576616581529,0.296681925171522
-0.115244665648788,-0.309290247975773
-0.231801008805633,-0.959347229002493
-0.542537706904113,-0.272998514843429
0.64970423374325,1.10668467875502
-0.288650980684906,-2.64387728369842
0.149688375648111,-0.843035158256633
-0.0750673245638609,0.308362778459971
-0.380503356922418,-1.59174045870754
-0.106046156492084,0.387431048150306
-0.170099473558366,-0.523660142757165
0.31068575847894,0.0899247525651085
0.946419191546738,3.3594273393588
0.126845427788794,0.642326964253065
0.360300481319427,1.25918034240707
-0.16305618500337,-0.975972865387439
-0.121813572011888,-0.620720164033614
0.942222575191408,2.70915278432863
-0.739291210658848,-2.13690895963144
-0.268773385789245,1.1249228143025
0.59670234657824,1.61911417028365
-0.397492669522762,-0.998493173090708
0.592144524678588,1.0619552552586
0.0184889738447964,1.27701511379804
0.608933784998953,2.0550996714618
0.919430764392018,3.1500523758759
-0.295802416745573,-1.24927210985562
-0.410810017958283,0.0746490374262554
0.262235210742801,1.4556460497392
-0.572135691531003,-1.44846148267107
-0.712268650066108,-0.201010432524035
0.46229310054332,1.74058538505499
-0.476316629908979,-1.2934350705297
-0.205493151210248,-0.623571830656487
-0.940229828935117,-2.57192633522424
-0.169410012662411,-0.0355134482743744
0.0656636543571949,1.23930640189029
0.645312123466283,2.05908466149137
0.684919521212578,1.77608011051219
0.933908295817673,2.4259822492686
-0.759058386553079,0.590442888423339
0.799436229746789,4.16553886758218
0.1406010678038,1.8501773056895
-0.559315682388842,-0.996874638029934
-0.238742813933641,-2.21606998008673
-0.708495998755097,-2.08118933484268
-0.340903486125171,0.31629286528486
-0.530328170862049,-1.57212090081542
0.470660781953484,0.0129684372791616
-0.954720069654286,-2.08793152483679
-0.632599572651088,-1.80127706772384
-0.479228288400918,-1.33177189167588
0.877504998352379,2.08411698242702
0.312893785536289,2.80181022376759
0.418362446594983,0.60385655169471
-0.752623446285725,-1.83529378017362
0.71759130153805,3.18409137681293
-0.998390438500792,-1.84833768690101
0.704349647276103,2.06282349024587
0.971863759215921,0.900241003548268
0.659108660183847,2.646229758231
0.543755054939538,2.55163029322448
0.420471357181668,2.17540704619779
0.365139021538198,-0.99686481512072
0.880114670377225,0.766191883394538
0.281182527076453,-0.537225105041699
0.973226606380194,1.25879012758658
-0.190111549105495,-1.10046995210955
-0.35238203778863,-0.210426853608322
-0.651123613119125,-0.522031508361781
-0.66499635996297,-1.91957554598592
0.510492194443941,2.4249446921925
0.966030140873045,4.13322386717903
0.407484981231391,2.72054408122686
-0.0641684210859239,-2.88747795565636
0.722911808639765,2.96466547332105
0.856475194916129,1.14544523513942
0.61988970451057,1.45851083998638
-0.107214330229908,0.336784990885369
-0.883147184737027,-1.88088502336455
0.868708856403828,1.33447922355621
-0.543620577547699,-2.70627918447957
-0.335709707345814,-0.825380420176866
-0.298714535776526,-0.330380436821607
-0.64453743910417,-1.05091438539877
0.860445043072104,1.27389336527516
-0.315488596446812,-0.945488564800725
0.524540742859244,2.57668614175497
0.172434101812541,-0.132721402406709
0.712617070879787,5.89140121964588
0.0235220645554364,1.81041065364958
0.91328962193802,3.01622545214139
-0.504313313867897,0.0906014140220768
0.456320635508746,2.32412894230052
0.269736923277378,0.405533789982513
0.86886216327548,2.41154865667702
0.879796294961125,3.09113705495713
0.398422486148775,0.849923448064323
0.12275864277035,0.70558682999637
0.0597715410403907,0.585988803634224
0.757114115636796,3.4053274455114
0.520207474939525,1.49210021579469
0.677744027692825,0.89779757325864
0.93237375933677,2.09378983871349
-0.752181301359087,-2.00937300504941
-0.603629272896796,-1.65004645954456
-0.610819227062166,-0.548911354180064
0.47496959939599,1.26739722631949
-0.502941705286503,-1.06624352156691
-0.995628013275564,-2.54566518871084
-0.264241062570363,0.235103338000828
0.231443389318883,1.38951039448047
0.049846570007503,1.08690236320369
-0.536779372021556,-0.423293779784069
0.852108187973499,1.58722038743087
0.25161129841581,1.66592878685991
0.382205392699689,1.20510958917951
-0.833549242001027,-1.32013408593384
0.732640415430069,1.8326537147313
-0.32785434089601,-1.11415191937379
-0.531662059947848,-0.725553740720938
-0.516738921403885,0.419895390629861
0.975287517532706,-0.779876287117869
0.987606375943869,-0.503209836224513
0.0206136871129274,1.0936313414997
0.243819328490645,2.08233807851267
-0.417811210732907,-1.01089562587179
-0.508381671272218,-0.625017371345346
0.839806753210723,0.679766966528964
-0.870454551186413,-0.921918113476588
-0.0167649025097489,0.327429116944631
0.0889280219562352,1.58154829313325
-0.723472979385406,-1.31501534810241
0.956118552945554,0.318541938985313
0.533018899150193,1.04616756543579
-0.0580051308497787,-1.67191795803306
0.327580591663718,1.47545775738752
-0.985745705664158,-2.30766429312494
-0.391494045965374,-2.56559031987213
-0.78215960925445,-1.71808644879775
0.1713797734119,2.76688976961547
0.0045764334499836,0.949001974113487
-0.160681646317244,-1.80268015221016
-0.481974293012172,0.161573519635566
-0.148954029660672,-1.34397732245756
-0.944709784816951,-0.656372145103335
-0.139562943018973,0.835040265948959
-0.145696494262666,0.604156204137389
-0.00314112612977624,-1.31497016605081
0.626924202777445,1.41091069126561
0.0981738031841815,1.29179879312411
-0.744505604729056,-2.41001734841705
-0.0745790982618928,-0.521165740983106
-0.529944016132504,-1.8831296777405
-0.392614171374589,-1.48189735808149
-0.840765246190131,-1.02338531454884
-0.166671042796224,-2.71966797469954
0.245148863177747,1.12967391661238
-0.185840257909149,-1.11582387392287
0.721424504183233,0.343720258398459
-0.255331119988114,-1.17682302334533
0.57380105741322,2.29119646574868
-0.773346806876361,-1.95838990278147
0.456308936700225,2.76513007360383
-0.550234349444509,-1.89479781276796
-0.562129047699273,-1.85170408044872
-0.95280309766531,-2.80377366614818
0.53344102576375,2.57587928539146
0.790561501402408,2.93847072793786
-0.807039740961045,-0.607639457939045
0.858897237572819,0.362124616370016
0.561457450501621,2.19746504789062
-0.374953845050186,-0.31103653147808
0.00257664686068892,2.50319644669613
0.424105631187558,-0.119817187513141
0.710772785823792,2.79569842441708
-0.40981503110379,-0.560140759095051
-0.0853982791304588,-1.15647432197858
-0.281249832827598,-1.8331266675924
-0.407813708297908,-1.47921857976017
-0.972328440286219,-1.31883847298475
0.834754824638367,5.29520591172532
0.133493445347995,-0.384152250881065
0.993123656138778,0.0276844955421114
0.893231329508126,1.8820602724522
-0.216060043312609,-0.238038059964743
-0.203664166852832,-0.483680259561253
-0.642974971327931,-0.18762357759172
0.232966705225408,1.64493111726819
-0.503336517140269,0.0889617168172043
-0.455872617661953,-1.33575225335929
0.163903135806322,1.57571358033747
-0.423055325169116,-1.6785203549921
0.146695564966649,1.20110987473824
-0.465176637284458,0.148095326494467
0.343750584404916,1.70780720502282
-0.420313164126128,-0.958957649587402
-0.747607511468232,-1.72513163942079
0.0659570340067148,-0.205849741630273
-0.0202048667706549,-0.842334510527266
0.153351633809507,1.08990366623316
0.401659265626222,0.616228482521938
-0.31275277165696,-0.683597912450817
0.915893772616982,2.03675774393844
-0.776516982819885,-3.01646263988187
-0.109886770602316,1.73461829361796
0.0684114675968885,2.22040274826875
-0.998422105330974,-3.26924415486689
0.218802019488066,2.92612537488556
-0.682967690750957,0.861830153417901
-0.494498083833605,-0.596645722725491
0.792412013746798,2.14599027034964
-0.414168931078166,-0.689363748059403
0.918813906144351,2.5228602975959
0.147628148086369,1.0688681534918
-0.13382298592478,-1.72901868431483
0.237625214736909,0.109336393015218
0.0886632767505944,-1.02435875221266
-0.678301787469536,-1.05724248731691
-0.661446819081903,-2.21061356748913
0.083342757076025,1.53779724901804
-0.864548490382731,0.993273408814175
0.0853261887095869,1.99845388202581
-0.906791561283171,-2.53107160086901
0.710714235436171,1.1140533525052
-0.620876069180667,-2.03654926532951
0.650419746059924,1.84257368043581
-0.275614478159696,-3.01220496879942
-0.859831057488918,-1.1113760210714
0.271022176835686,3.0481479707588
0.198821066878736,0.855771127567105
-0.0666347672231495,-2.90168581593337
-0.704665443394333,-0.451467844473987
-0.188335263635963,-1.71696878815737
0.333650684449822,2.35083532148615
0.401953380554914,-0.517122973626914
0.464307077229023,2.61418284610859
0.644517326261848,2.57623203557592
0.919420349877328,2.4377570348512
0.668752807658166,1.11953129509465
0.847113565076143,3.51006263701639
0.330264448188245,0.673179401429054
-0.187806049361825,-0.843211506292086
0.1654042173177,1.14726956056367
0.151495331898332,0.980689799620049
-0.0828237617388368,-0.834614663049394
-0.367156551685184,-2.50160938868851
0.497526444029063,0.728982350770719
0.773249368183315,2.07652395209117
-0.444707576185465,-1.70593471690128
0.160074863117188,-0.937527204451268
0.827032222878188,2.67221472821468
0.67151256185025,0.553932699311845
0.307204375509173,2.24908960270858
-0.0712449969723821,-0.815845835318535
-0.529645444825292,-2.67789201607752
-0.93718368653208,-0.272275642261995
-0.723698360379785,0.525604045579654
0.941783900838345,1.17537989061348
-0.140220654197037,-2.51057724647451
-0.255394223146141,-0.268898380121215
-0.649942201096565,-1.69059848695044
-0.318689360283315,-2.31024005034776
0.570688874460757,-1.02172679183885
0.914319961797446,0.420431777257893
-0.656730305403471,-0.158332069364672
0.884010496549308,3.08101224291115
-0.887948508840054,-1.38495175349597
-0.966796707827598,-0.67865243003981
-0.718400009442121,-0.480329039348534
0.224780898541212,1.71479140704741
-0.0175108294934034,0.297694995698628
-0.542042257729918,0.255260644095801
-0.146997300442308,0.439003200186868
-0.263786886353046,0.374406101266374
0.898372097872198,1.28084645342442
-0.670497909653932,-1.02138532696644
-0.538684375118464,0.630344394491203
0.15121830208227,0.585996691426532
-0.924265143927187,-1.93132437845758
0.973177203908563,3.06869750974104
-0.119186935480684,-0.0983033722909042
-0.837566215544939,-0.81911708233154
0.761169669684023,1.81390339811813
-0.623729886021465,-2.24824530958039
0.229028983507305,0.625735375420851
-0.698993185535073,0.157988994957525
-0.193888312205672,-0.314095003472558
-0.0155149744823575,0.205909420451151
-0.567130446434021,-0.0860715803418068
-0.827098058536649,-0.345721149884984
-0.922724864445627,-3.41200100232638
0.864737440366298,1.03333319645843
-0.612768800929189,0.167715684757912
0.349418927449733,-0.205497911102393
0.579068048857152,1.61732791624728
-0.937163607217371,-2.02380448940975
-0.445049988105893,-1.77530645743153
-0.551344708073884,-0.265393275580286
0.202553675044328,-0.165457724373945
-0.41425700020045,-0.355339879817162
0.404392458498478,2.12358682346262
-0.823726840317249,-2.5863711635427
0.664513460826129,4.03999137489868
0.763860045466572,2.62623583479129
0.435504082590342,1.06014677889769
0.895567530300468,0.539984826597609
0.713315463159233,0.0032767274366563
-0.276863825041801,-0.81820360439269
0.285770893096924,2.24895514044267
-0.741023494396359,-1.68734314030855
-0.531767890788615,-1.91610416523055
-0.745936387684196,-0.563669376522446
0.763605372980237,1.7627521133871
0.429251523222774,1.90510991961991
-0.795094070956111,-2.58336169554405
-0.0619522542692721,-2.00145383957691
0.995384128764272,1.70298930869109
-0.0579256722703576,-0.921214202540745
0.348685274366289,0.604572117012694
0.503831617068499,1.40408656702383
0.911762894596905,2.05257848666991
-0.614928332157433,-2.47907237214456
0.475388726685196,2.19776174810676
0.714752539992332,1.66361586890497
-0.546219232492149,-0.959058016346135
-0.191626102197915,-0.329457210959618
-0.150201314594597,0.696166681074754
-0.845432547386736,-1.60407415178281
-0.154557252768427,0.362609171002414
-0.897293583024293,-2.29852165071248
0.538830274250358,2.3868538195363
-0.682786068413407,-0.19035888144962
-0.770519445184618,-3.26550287185789
-0.118547785561532,-0.202801706393841
0.632064764387906,1.9102794427096
0.242962050251663,2.20572705166471
-0.917956828605384,-1.53270171959541
-0.349714007228613,-2.89006155122141
-0.355730400420725,-0.506312691741724
0.404778533615172,-0.146598671756567
0.556988005992025,1.45960506540211
0.625051644165069,2.18281332395005
0.53883816441521,2.01930764988246
-0.878223075997084,-3.87516721140367
-0.199083054438233,-1.45607224537912
-0.705199583433568,-1.56488248443169
0.780918148811907,3.03133247859496
-0.0502829970791936,-1.33737960773183
-0.42634368268773,-1.3219709790685
0.678255834151059,0.844345424275449
0.254480245523155,3.93690036873235
0.751500361133367,1.80991394709628
0.939929632935673,0.333566387101679
0.557200100272894,2.30703437570922
-0.767957999370992,-0.995298675498264
0.809006274677813,1.27315446563459
-0.787944647017866,-1.21188375238158
0.167599011678249,0.681105832111984
-0.0307689164765179,-1.13184972664005
0.242867228575051,0.780751313683822
-0.482762226834893,-0.370366534583843
0.928003963083029,1.27527572247249
0.159147233236581,1.11083830447377
-0.580327618867159,-0.922538400768026
-0.890653481241316,-1.76758551843333
-0.196606391109526,-0.166995511221494
-0.298433151561767,-1.56284565344372
-0.325337158516049,-2.36925547030216
-0.250345862470567,-1.03333425017845
-0.0453653871081769,-0.768243336297791
0.580472788307816,1.08420183975649
-0.0449995258823037,-2.30589302878441
0.709197262767702,2.06647878753518
0.138858085963875,0.737739980214579
-0.229930818546563,-0.281097049698709
-0.0802237987518311,0.130760223159354
-0.855299891903996,0.0459528807485845
0.706161923706532,2.32111853163536
-0.00200936524197459,-0.439705159513258
-0.547510012052953,0.17500957439146
-0.160355084110051,-1.46709248733814
0.277973972260952,1.70991051056218
0.899444872513413,1.34686704815456
-0.169356585945934,-2.12177037818158
0.00926601095125079,0.389441404138014
0.103005026001483,-0.0949850980141995
0.210218362510204,2.53360072185474
0.359455279540271,0.796826166695594
0.104903185274452,1.18384199926376
0.202964276075363,-1.8350467682522
0.886662916745991,1.57435409588921
0.165582336951047,0.432802966118727
-0.0141658652573824,-0.183639677669266
0.110838442109525,1.76684218662389
-0.964068432804197,-2.89428350023597
0.328032379969954,0.921023750498593
-0.0309297647327185,1.702661030758
-0.296194855123758,-0.37636026254888
-0.0110053778626025,-0.65572928076068
0.768926012795419,1.75149641295203
-0.984075594227761,-1.03050659217583
-0.739188735838979,-0.817442322964696
-0.392712435219437,-1.25088523916875
0.191296793520451,0.600315782044554
0.989055251237005,1.86187187249998
0.598314899485558,0.747702299278525
0.224127885885537,0.0083831169268942
0.979981783311814,2.15937571501222
-0.279556475579739,-0.796782664444224
0.512970922980458,1.90028871619035
-0.965055123902857,-1.25725182342072
-0.744438720401376,1.10151245974977
-0.136752438731492,-2.42435241933598
-0.431625180412084,-1.05947009708343
0.203915051184595,0.450513386203159
0.237606019247323,2.32741046632295
-0.974723828490824,-1.49326609552671
-0.575227273162454,-0.820375498010283
-0.139745444525033,-1.25296406730887
-0.597643827088177,-0.413045642967474
-0.168671858496964,-1.12176716998031
-0.30409748852253,-0.174870829407507
-0.411267932970077,-0.54065107491168
0.596846783999354,2.3189253915781
-0.931493026670069,-3.34896496295228
0.995405182242393,0.0144604769093732
0.125522941816598,3.52903642603932
0.761667083948851,1.84132014874037
0.446315860841423,2.9081425257229
0.948381701018661,1.39853724277997
0.988803588785231,2.7108006199163
-0.254696214105934,-3.15276489078503
0.020060408860445,2.70573565845455
0.627724412828684,2.18299801625156
0.816498364321887,3.13028603002562
0.653665311634541,4.76092869851869
0.523399326950312,1.69818291885645
0.555824518669397,2.65021431792068
-0.0514114177785814,-3.08338020414344
0.0576146049425006,1.14594294498188
-0.819985612295568,-1.15314419146705
-0.232124655041844,-1.16130332292435
0.632821389008313,2.62747930796744
-0.96511891297996,-2.70052434903315
0.189601329620928,2.00329749446849
-0.539032214786857,-0.838734693015974
0.0174295282922685,-0.367833142091211
-0.436684814747423,-3.14623033966773
-0.746572342235595,-1.0984854305521
0.6379030989483,2.16358296345223
-0.262585745193064,-1.692952466984
-0.45657601300627,0.318088947222155
-0.0174227408133447,-1.43137032295897
0.0984653350897133,1.36198490049999
0.825479396153241,1.9738930394195
-0.949027652386576,-2.94061407550387
-0.254310176707804,-1.08094297093065
0.0508603411726654,0.601098873070758
0.23943193256855,1.43484685040838
0.905025077983737,1.94539613589665
0.16630939533934,0.450749037633377
-0.205564317293465,1.15097587613473
-0.595394323579967,-2.31612960418702
-0.427185963839293,-1.09364325917872
0.558645159006119,1.6743047387749
-0.152157503645867,-0.0247248908139246
-0.0177922314032912,0.0487822335885441
0.227267271373421,0.802099329056219
0.14982058852911,2.70874979424215
-0.123274206649512,-1.68516436176174
-0.371841441839933,-4.59761663390753
-0.307259116321802,-1.90500882713059
0.656497705262154,2.55421785640238
0.155010067392141,-0.680198160636529
-0.904420047998428,-3.97143260040262
0.59624328231439,1.20639573477237
0.991289094556123,0.822944267473247
-0.586901636328548,-1.4130546053963
0.350476854946464,-0.149944955727492
-0.967908527236432,-1.88092077572796
0.565498649608344,2.07145505747383
-0.512161879334599,-3.071134141152
0.660822536796331,3.78285780831075
0.738066053949296,1.16574289094182
-0.175341502763331,-0.598200244714949
-0.579908363521099,-1.19005209552918
-0.620244639925659,-1.31558751066158
-0.418131868820637,-0.578791976851846
0.812613024841994,1.12324195252342
0.104797756299376,-0.446443530285496
0.00074840011075139,0.462507713098525
0.951397063210607,0.0397020508467865
-0.626078859902918,-1.62157060155942
-0.577326295897365,-2.08723441822043
-0.461609285790473,-0.204217260875685
-0.647152143064886,-1.35958086683209
-0.648680275771767,-0.957257976425208
0.261288265697658,0.908989042976027
-0.490898083429784,-1.29263723329665
0.0510853584855795,1.04120524700933
0.115948888007551,-0.540506740509448
-0.840093728154898,-2.68774707262068
0.107546451501548,1.09571067543433
0.832289573270828,3.44535634986909
0.859428566880524,0.617500951749308
0.493545860983431,-0.843853939921562
-0.746397572103888,-0.592445846615505
0.0495866523124278,-1.03705737166421
0.30315568158403,-1.0490787463849
0.907931230962276,1.4097462614316
0.599158459808677,1.40149227012644
0.611853055655956,0.244040388209695
-0.00891090603545308,0.517920925155716
-0.832801074720919,-2.21175137644555
-0.299763691611588,-1.04186800885204
-0.488190311472863,-0.8554912609999
-0.153871124144644,-0.259570212618935
-0.0851832358166575,-0.578708543672358
-0.555414411239326,-1.55923403201878
0.0431793336756527,1.17024122019029
-0.43935806537047,-2.70308487460123
-0.558680215850472,-1.79810164364775
0.140428984072059,1.65361901282658
-0.455788993742317,-2.49982314729498
-0.655453513842076,-2.60140438583444
-0.595730364788324,-0.498111112786022
0.244701520074159,0.807932162277891
0.62295147869736,0.10198297661329
0.59784761397168,2.54597217062534
-0.620684255380183,-0.902320925809573
0.85405436065048,2.91622932124852
0.0898570683784783,1.90148323058519
0.533839531708509,1.32827406684367
0.769230753649026,-0.268084054173721
0.981122640427202,-0.534094072170044
0.654740768484771,2.25005011544977
-0.202923679258674,-0.249393871351653
0.981058511417359,1.395577976507
0.200319096911699,-0.748030925480606
-0.202565485611558,-0.118589733915257
0.72513475548476,2.72165547747365
-0.324871740303934,-0.439331924686644
-0.0315581853501499,1.16809351646825
-0.114623627625406,-1.42133814384944
-0.379268896766007,-1.37535960002679
0.774343798868358,2.94105510628344
-0.964875025209039,-1.95138961702041
-0.243952360004187,-2.67586406324993
-0.894547889009118,-2.16881595234896
0.730891434010118,3.11182043885026
-0.00196087593212724,-0.756998762483227
0.956098336726427,2.04520706684684
0.447033087722957,1.95219395065237
-0.0155367576517165,0.39042794669996
0.453945602290332,1.08560345633706
-0.365216569043696,-2.13076660200163
-0.606122663710266,-0.826020110568641
-0.766551345586777,-1.55810169600518
-0.477506703697145,-0.0937182495091531
-0.954867566470057,-1.62771718848096
0.0749418367631733,1.4534914307304
0.118787234183401,2.43360059195138
0.434896912425756,0.833524513283248
0.561992090195417,-0.763245137138118
-0.255108069628477,-1.31106427000604
0.574258497450501,2.44048446717355
-0.262884779367596,-1.40112023996835
0.6079643946141,3.50268814816711
0.959033832885325,2.47514166251519
-0.761670528445393,-1.75341142404158
-0.724149140529335,-1.98627924610206
0.491320139262825,0.54731382426096
0.531377751380205,1.63140337441733
0.319522706791759,1.36628455982157
-0.600858388934284,0.21019824107271
-0.759058215655386,-1.71470837505371
-0.482676132116467,-0.278506640281631
-0.368193734437227,-0.891487860545212
-0.347763407509774,-0.648429082123904
0.0196823040023446,1.14233989181828
-0.278668015263975,-2.26596567150412
-0.816752013284713,-0.981916903967533
-0.27828175527975,-0.544065270777644
-0.378346085548401,-0.72540574492273
-0.728363601025194,-0.798942784256468
0.44327046489343,-0.270783430102581
-0.453554900828749,-1.57696157937723
0.45438182214275,0.509322452209813
-0.79045628150925,-0.115959764366382
-0.112246070057154,-1.46706936843359
0.0158632672391832,0.571519662251091
0.438526585232466,0.87184734468592
-0.706661917734891,-1.69680586769351
-0.6837861337699,-1.31344358010605
0.523413798771799,2.72329348156413
-0.305758600588888,-1.89966316800677
0.862063659820706,2.0952818530441
-0.709012278821319,-1.47625369904655
0.0526764588430524,-0.379606420709588
0.127171765081584,2.51884401520146
-0.157951028551906,-2.4702549653997
-0.00507016060873866,0.560408630818751
0.982401249930263,1.50475486275662
0.945739950984716,0.434829071112174
-0.950768336188048,-0.843810818355091
-0.892172110266984,-2.36630353360636
0.289929257705808,1.62565150951016
0.339966516476125,0.173834154306225
0.768713438417763,1.43293529262626
-0.218543786555529,-2.70717129756875
0.591583859641105,2.74279792900947
0.481162725947797,2.53190734837429
0.814020635094494,2.84579163091102
0.567080799024552,2.79917319661532
-0.425678834784776,0.110944249189096
0.501614665146917,2.22536218908083
-0.971238843630999,-2.08275159991349
0.0165994325652719,0.383394526667942
0.202996175736189,2.71975986598829
0.571908760815859,2.47616615266964
-0.698971425183117,-1.97867526753826
-0.60613375203684,-0.811609018466978
-0.873787572607398,-0.886283246068682
0.108221661299467,1.2179166652875
-0.448617577552795,-0.737316001057628
0.420774857047945,0.929907388623882
-0.699243799783289,-1.18345972900953
0.84110887022689,2.45541524866267
-0.550791671965271,-2.15009174570777
-0.866901349276304,-1.38578750895296
-0.833164327312261,-0.886009625958567
-0.0992699763737619,-0.30164291233171
-0.791923196520656,-3.03919762876666
-0.0817383229732513,-0.34836474580671
0.242543813306838,1.24000958390529
0.324515994638205,-1.33887362799594
-0.418785953428596,-1.60940836546946
0.471311265137047,1.32056960018284
0.778392011299729,2.06501268559381
0.851313828025013,2.7576380596613
-0.195381462574005,-0.63985462728581
-0.772145488299429,-0.624213767500924
0.0662495805881917,1.76079376033783
0.347118702717125,0.976403053375796
-0.450243803672493,-0.232177797644701
-0.677576749585569,-1.65489868675048
-0.470822792965919,-0.403553116759096
-0.275339326821268,-0.948378238922661
-0.477093857713044,-2.58360940570464
-0.245230650529265,-1.34968383484509
-0.106574930250645,-2.25135776747085
-0.707454695366323,-0.995921483832867
0.622915241401643,1.65834987895858
-0.889754428062588,-2.96767661004052
-0.566903894301504,-0.503129765210893
-0.632247542031109,0.0205148893222298
