"","y","x"
"1",36.097572,-7.688561
"2",45.468746,-3.9237082
"3",45.598213,-6.8686604
"4",48.476063,-27.668056
"5",51.746868,-8.2569685
"6",39.802643,0.73248148
"7",53.15107,3.4937382
"8",51.987637,-3.0905752
"9",51.678295,4.7034559
"10",57.468903,-8.1198635
"11",51.254742,-11.794811
"12",64.644257,14.937806
"13",54.291164,2.5094838
"14",33.792454,29.306395
"15",63.674862,8.5855637
"16",41.217743,-7.9507647
"17",56.341518,29.381487
"18",46.067585,-16.506035
"19",64.763397,13.428482
"20",49.764439,-4.3230863
"21",58.812016,29.915768
"22",67.043266,0.72604716
"23",65.146088,20.693081
"24",63.214111,36.03056
"25",65.360603,32.777927
"26",39.729641,29.042652
"27",55.158417,33.712173
"30",42.495945,-6.8523526
"31",39.570938,-11.135491
"32",30.358973,-15.008113
"33",49.709076,-39.282055
"34",49.253906,-21.889481
"35",41.273411,-0.43046474
"36",33.33094,-1.4921904
"37",36.453655,-17.334133
"38",28.699789,-33.33812
"39",37.258305,-27.092691
"40",41.392105,-42.600422
"41",60.781956,-25.483395
"42",38.351185,-17.215788
"43",66.616829,21.563911
"44",41.053513,-23.297632
"45",61.740875,33.233654
"46",53.231586,-17.892977
"47",60.203255,23.48175
"48",33.938301,6.4631729
"49",25.865877,-22.647476
"50",38.640259,-47.476452
"51",36.355286,62.595875
"52",43.875427,-22.700262
"53",31.058702,-23.880028
"54",41.56435,-5.3060679
"55",20.586014,-37.882599
"56",38.583435,-16.871298
"59",46.747425,-6.3711939
"60",48.609619,4.5928836
"61",54.011559,-1.6500294
"62",59.388329,8.163661
"63",41.020775,9.3379946
"64",55.63559,22.012463
"65",46.606186,-7.508719
"66",39.721718,12.810659
"67",51.346008,-19.826927
"68",49.024887,-6.5218925
"69",73.195274,2.9967933
"70",43.457664,-1.516661
"71",38.739037,-12.731796
"72",62.143604,48.84214
"73",34.727562,-21.936161
"74",69.308723,25.153763
"75",55.057812,-28.795755
"76",60.811089,40.301617
"77",55.054295,10.207936
"78",64.973053,22.551838
"79",57.063515,10.124713
"80",58.074856,31.044022
"81",52.206749,14.195374
"82",72.689064,17.064774
"83",80.028381,7.4928226
"84",69.302467,58.240257
"85",65.858765,60.05677
"87",40.2435,-7.1211934
"88",37.680603,-16.092232
"89",41.897251,-19.512999
"90",50.345604,-24.638796
"91",47.665386,-15.97952
"92",45.7659,1.0791302
"93",45.394653,-4.1939945
"94",49.069138,-8.4681988
"95",41.166813,-9.2106934
"96",38.028996,-1.8617243
"97",39.779781,-16.976374
"98",39.654316,-20.440435
"99",40.29063,-28.143272
"100",40.703999,-19.418739
"101",56.880753,8.1319628
"102",48.50462,13.763666
"103",40.958519,-2.1988094
"104",32.371349,-4.2937131
"105",31.394941,-17.788744
"106",45.32692,-30.589857
"107",46.222095,-33.868736
"108",28.220766,-2.8180063
"109",46.401646,-3.0300884
"110",33.716896,-39.559181
"111",51.589626,-4.4172316
"112",36.81102,-32.461201
"115",52.167862,8.8178072
"116",49.298695,8.7853756
"117",49.168472,-15.835348
"118",57.12244,-1.2698561
"119",48.611946,-1.1273801
"120",55.161678,14.272488
"121",57.967918,4.231307
"122",55.112457,10.32336
"123",59.287369,15.935842
"124",59.289581,18.574738
"125",64.485847,9.5572023
"126",68.896683,18.579161
"127",82.730728,28.971695
"128",67.659462,37.793358
"129",67.542244,65.461456
"130",53.682961,35.318924
"131",42.031204,36.081493
"132",75.112396,7.9703751
"133",48.802139,-15.708965
"134",72.552574,50.224792
"135",45.407425,-2.3957224
"136",61.833199,45.105145
"137",35.476624,-9.1851559
"138",63.482224,23.666397
"139",78.392281,28.430447
"140",53.472424,-15.731323
"141",73.404488,56.818211
"144",21.933214,-56.035404
"145",32.066189,-50.794697
"146",28.445885,-35.867622
"147",44.849586,-46.886055
"148",33.550587,-2.671185
"149",21.989212,-31.60944
"150",27.672476,-49.270519
"151",33.604439,-55.999149
"152",47.842369,-44.644665
"153",33.066116,-32.788544
"154",46.52084,-4.3104439
"155",0,-33.867764
"156",40.201035,-6.9498005
"157",49.469784,-99.859573
"158",49.759048,3.0860395
"159",47.225346,-4.6564398
"160",63.156635,1.1684269
"161",29.764982,-3.0416102
"162",54.162014,28.659454
"163",40.566536,-38.204834
"164",72.215424,10.816863
"165",25.425303,-9.7495165
"166",70.627068,49.765457
"167",64.326164,46.084087
"170",40.628941,-3.3434777
"171",39.050053,0.43396354
"172",46.155941,-21.8999
"173",52.976036,-9.1305103
"174",50.633533,-7.1173549
"175",44.921928,11.580616
"176",44.849487,3.3326178
"177",50.853836,-9.2464981
"178",45.508335,-10.301021
"179",56.943409,2.5763631
"180",46.720886,-8.9833345
"181",49.286022,13.886822
"182",48.255383,-6.5582275
"183",40.881657,-1.4279574
"184",50.47514,-18.236685
"185",43.607327,-18.730911
"186",57.955723,1.3758123
"187",44.204544,-12.206313
"188",60.110519,16.937536
"189",37.938667,-10.967743
"190",62.679291,20.221039
"191",42.483253,-24.122667
"192",60.040058,26.846214
"193",55.521881,-13.331726
"194",58.21991,21.908188
"195",67.126198,11.826599
"196",64.686516,17.416084
"198",54.871403,-17.089155
"199",33.669895,-7.1086702
"200",41.840485,10.824492
"201",57.902302,-16.02672
"202",45.809372,10.562929
"203",47.297852,-7.2826834
"204",43.618889,-18.384892
"205",48.46825,-2.69033
"206",51.390903,-11.888152
"207",43.21114,-0.19033551
"208",61.910629,4.4938984
"209",36.984344,-12.476641
"210",54.015743,24.588171
"211",34.513077,-23.035845
"212",60.660534,11.859733
"213",55.3232,-27.94796
"214",50.937878,22.610748
"215",64.158638,12.197095
"216",50.442772,29.276825
"217",50.294102,8.3667545
"218",52.67934,3.0403585
"219",50.112946,3.2723427
"220",53.876305,10.107502
"221",56.030117,9.9286947
"224",32.902725,-4.9822421
"225",52.598042,-15.103719
"226",46.48407,-19.460436
"227",49.076385,11.587196
"228",55.773907,4.0880737
"229",55.340122,1.1834025
"230",54.483898,17.213249
"231",53.05859,9.5659704
"232",47.419064,6.601757
"233",36.126682,-5.1618724
"234",46.71793,5.0677032
"235",48.37487,-19.085226
"236",40.141609,-6.5641403
"237",53.467186,-2.3740144
"238",32.677452,-17.237839
"239",38.224899,-17.003149
"240",54.157066,-2.1644979
"241",43.536133,-7.0959625
"242",65.066017,9.2718925
"243",38.42297,-1.3465047
"244",67.019737,30.908585
"245",47.782677,-14.604274
"246",55.19836,35.968746
"247",54.617245,-1.2509078
"248",55.27137,13.72863
"249",71.160866,10.535163
"250",67.00206,12.26548
"251",66.304443,46.916508
"253",27.188438,-22.79015
"254",33.997341,-26.445475
"255",50.777035,-30.380932
"256",44.415611,-6.284791
"257",51.788078,4.3206005
"258",49.98764,-10.287446
"259",39.814377,4.4251947
"260",47.738712,0.63778758
"261",47.979218,-19.442045
"262",50.081764,-3.5597861
"263",48.383148,-3.5950601
"264",51.064121,0.39669573
"265",49.11124,-2.8271704
"266",45.795029,2.3664804
"267",45.379681,-1.470387
"268",45.894402,-6.1004934
"269",46.784245,-6.0459256
"270",48.039177,-7.1078005
"271",39.204292,-5.6070032
"272",42.869217,-2.4448128
"273",32.445488,-20.073011
"274",46.330196,-13.566822
"275",34.787468,-2.7727544
"276",45.509087,-2.4822383
"277",41.987442,-26.55423
"278",58.636581,-6.9069891
"281",26.819542,-1.6989291
"282",64.020988,-28.168396
"283",56.472076,33.290676
"284",51.329823,6.2106519
"285",52.607624,2.9951334
"286",55.066593,-6.8234262
"287",45.757095,5.5501847
"288",53.572582,10.453799
"289",45.720066,-8.125329
"290",54.631008,7.1452856
"291",47.126053,-8.3817902
"292",43.899246,9.4348431
"293",46.592255,-5.7477088
"294",37.345684,-11.047146
"295",45.472347,-24.868763
"296",56.010605,24.929514
"297",50.073059,-7.8663292
"298",65.125504,13.515326
"299",65.068398,1.8617034
"300",53.268509,31.383471
"301",56.085247,30.136803
"302",47.467419,10.211357
"303",60.334267,15.413943
"304",69.968727,-2.9044957
"305",67.84095,22.314199
"308",50.86462,-1.6298056
"309",48.956223,-13.417691
"310",55.567814,-1.0800034
"311",51.457672,-11.180962
"312",49.841385,13.30372
"313",49.129696,3.9805741
"314",43.363014,-1.3218045
"315",46.351028,-1.3154387
"316",46.819824,-11.542013
"317",44.388351,-6.4600286
"318",56.455822,-5.6232986
"319",50.303997,-10.818866
"320",54.334385,14.03231
"321",51.651001,0.60798824
"322",50.123238,9.0028582
"323",50.729042,3.5012603
"324",40.462749,0.24647713
"325",46.214207,4.2871027
"326",45.584435,-18.299252
"327",38.50972,-7.5715899
"328",31.857145,-8.2486153
"329",30.500698,-36.285709
"330",63.718571,-16.632887
"331",31.851116,-36.851372
"332",61.648781,28.925287
"333",0,-34.713211
"334",39.999001,24.423647
"337",50.591286,-16.48488
"338",20.905853,-49.650913
"339",47.024517,-44.143589
"340",46.978943,-4.2995424
"341",47.194206,11.484509
"342",31.995836,-5.6672277
"343",48.510277,-2.3577957
"344",50.752037,-2.1738589
"345",53.572041,-1.5928358
"346",51.731068,1.824379
"347",64.381897,7.4836998
"348",66.826134,29.037291
"349",46.29285,-12.054205
"350",52.455093,33.945404
"351",52.138596,-5.9844284
"352",57.735477,5.6133718
"353",51.766121,4.2867513
"354",60.378613,16.882053
"355",57.479263,4.607728
"356",42.747139,21.923824
"357",58.357323,16.249132
"358",49.474754,-9.1283207
"359",60.608501,18.48819
"360",56.909977,1.6138196
"361",62.664963,22.723034
"364",47.721317,3.1115651
"365",46.598541,-18.346724
"366",39.074459,-3.1784563
"367",59.948338,-21.659872
"368",46.36134,6.642765
"369",47.627266,20.534061
"370",49.702736,-7.2773218
"371",42.462086,-0.59452951
"372",45.415394,-14.668065
"373",52.460968,-9.1692123
"374",61.560883,5.7773113
"375",50.21965,4.921937
"376",48.466293,23.121761
"377",47.449448,0.43930113
"378",49.510445,-2.2346497
"379",68.800041,33.891251
"380",56.656986,2.9928744
"381",62.450813,40.550488
"382",56.974323,15.520033
"383",50.989635,24.904451
"384",39.227772,13.952109
"385",43.534111,8.6800814
"386",35.85384,-14.208889
"387",36.144085,-12.925607
"388",56.164135,-24.061453
"389",39.403889,-27.706369
"392",0,-27.399286
"393",12.196736,-32.052475
"394",56.978363,-42.82304
"395",24.236002,-85.566422
"396",24.744028,20.781401
"397",13.204048,-28.687876
"398",42.753513,-22.911285
"399",37.409435,-32.214016
"400",46.192066,-7.7499986
"401",45.565475,-23.867359
"402",41.224762,-7.1450262
"403",52.559818,-17.370251
"404",53.293449,14.400697
"405",61.692856,5.356112
"406",70.834084,6.6853018
"407",61.750984,23.386923
"408",72.188011,42.357128
"409",48.338898,25.958672
"410",63.645508,45.21888
"411",47.395855,-1.8520981
"412",52.053787,29.512077
"413",52.570133,-3.4797013
"414",58.293671,4.52843
"415",50.547523,6.5602779
"416",61.542789,17.607822
"417",55.350483,2.145967
"418",67.306557,24.506838
"419",47.019917,11.238742
"422",37.423153,-9.033206
"423",54.855656,-13.202
"424",50.484348,-13.252542
"425",41.705318,3.3609123
"426",48.373344,0.33720434
"427",57.798786,-16.266956
"428",44.700726,-2.9102535
"429",47.525772,16.238108
"430",46.082695,-10.115862
"431",48.087238,-4.6848149
"432",46.611118,-7.8346105
"433",37.797729,-3.8255215
"434",50.248318,-6.7777634
"435",55.066799,-23.116722
"436",52.042187,0.56070685
"437",47.906879,10.978839
"438",45.538723,4.7665091
"439",55.456257,-3.2173486
"440",33.574654,-7.9456806
"441",54.472713,11.797172
"442",27.200205,-32.460903
"443",51.808662,9.0561066
"444",30.493393,-42.414124
"445",54.177647,5.0944624
"446",27.877041,-37.918381
"447",62.655785,10.398647
"448",33.303318,-42.306526
"451",33.359165,-0.76518655
"452",25.223545,-29.962679
"453",34.739872,-30.655489
"454",38.906906,-44.873138
"455",48.413532,-22.186193
"456",43.77972,3.6344707
"457",40.300266,-2.5858939
"458",40.653465,-12.4273
"459",42.715214,-16.81321
"460",41.836349,-12.204364
"461",40.463722,-10.420701
"462",43.765305,-14.491886
"463",35.939972,-17.434448
"464",38.663223,-26.49655
"465",22.020309,-6.9791226
"466",49.148323,-21.417627
"467",42.412586,-50.654366
"468",36.23925,-1.7033488
"469",21.235863,-11.451324
"470",29.950726,-27.521494
"471",26.395121,-54.752899
"472",31.02898,-40.098549
"473",34.436947,-47.209755
"474",0,-27.586906
"475",27.487242,-33.678333
"476",36.458466,-82.522369
"477",26.378548,-41.675537
"480",17.895021,-17.741686
"481",0,-29.203754
"482",36.127022,-40.708351
"483",29.199558,-66.292068
"484",20.55706,-21.780025
"485",39.775543,-32.439758
"486",59.929676,-36.566319
"487",42.525799,-19.147495
"488",56.384552,20.266417
"489",52.902596,-14.100862
"490",57.531593,14.273998
"491",60.337067,6.2750072
"492",57.752472,21.082533
"493",56.670208,8.7281494
"494",67.505035,16.135475
"495",41.281898,-19.221159
"496",40.920872,-6.8640084
"497",50.44117,-16.800495
"498",44.099907,-18.158257
"499",50.318909,0.8823365
"500",48.83419,-4.9518614
"501",58.056347,5.541554
"502",42.363312,-2.1933019
"505",51.361042,3.1214089
"506",47.881271,3.5589159
"507",59.544922,-4.0329695
"508",60.690617,27.324898
"509",51.169151,19.832119
"510",49.89296,21.541695
"511",53.588261,-0.11554658
"512",53.986538,-5.6167989
"513",56.410049,7.2359114
"514",66.450554,8.0484419
"515",66.552856,32.901108
"516",51.019745,9.1305523
"517",51.049526,33.105705
"518",60.069527,2.0394921
"519",42.496109,2.9229403
"520",52.001751,20.790035
"521",49.14925,-14.442503
"522",47.357422,4.3279858
"523",31.750166,-1.7004609
"524",44.925892,-5.2789927
"525",35.698906,-35.950809
"526",43.771122,-6.9613514
"527",50.466591,-24.023893
"528",42.797081,-8.9048653
"529",39.156681,-13.295439
"532",38.243084,4.0947256
"533",37.583237,-9.0290279
"534",38.720875,-18.593418
"535",39.741535,-24.833525
"536",18.359936,-17.093723
"537",41.491497,12.425452
"538",22.033096,-25.460264
"539",29.180931,-15.51221
"540",43.297768,-26.946964
"541",27.827444,-41.638138
"542",41.069691,-22.141945
"543",38.623466,-11.278716
"544",38.827351,-17.860624
"545",47.428566,-22.748808
"546",46.769497,-22.345301
"547",52.890564,-5.0576744
"548",67.616837,-6.3173146
"549",66.590675,5.8183761
"550",51.935844,35.291527
"551",58.902405,3.9192171
"552",54.781467,15.043124
"553",41.65316,17.979277
"554",51.000225,9.7770214
"555",14.637134,-14.484426
"556",63.882793,2.1853299
"557",40.056984,-68.125031
"560",0,-21.866909
"561",47.716949,-15.606395
"562",19.346455,-4.5660973
"563",27.447113,-64.071671
"564",40.244293,-60.28788
"565",7.3127174,-44.87849
"566",26.447079,-17.999512
"567",45.195847,-42.81192
"568",23.199623,-11.662206
"569",23.255529,-30.137497
"570",36.008617,-35.188198
"571",41.484596,-43.093346
"572",39.346199,-27.599005
"573",33.704372,-21.307608
"574",61.267536,15.286255
"575",48.345291,-30.925951
"576",62.096642,23.46648
"577",28.956266,-0.078928471
"578",62.817139,25.544226
"579",49.803806,-41.32996
"580",59.445656,28.79203
"581",63.155354,20.12949
"582",61.372543,15.965962
"583",68.27993,27.997074
"584",68.826324,22.745089
"585",22.174347,36.559853
"588",19.99848,3.4552364
"589",31.156021,-16.121677
"590",33.277615,-30.097897
"591",51.632248,-12.971705
"592",44.570919,-26.242533
"593",48.832241,3.2644987
"594",41.258141,2.0870566
"595",36.139851,-4.9125166
"596",36.080235,-27.720304
"597",42.704617,-18.669209
"598",49.205154,-27.839529
"599",47.557636,-14.590764
"600",33.716312,-4.8847227
"601",56.789635,0.23474693
"602",57.043404,-32.567379
"603",53.043198,13.57927
"604",33.164059,14.086807
"605",39.397453,6.0864
"606",25.50956,-33.671883
"607",51.602947,-18.803097
"608",45.072517,-48.980881
"609",64.902321,3.2058954
"610",51.321938,-7.3192091
"611",62.143135,32.395702
"612",49.622826,2.6438684
"613",49.423809,25.734514
"614",62.491692,0.1552552
"615",0,-1.1523843
"618",71.881699,99.831833
"619",99.774315,45.385773
"620",76.663292,48.94418
"621",91.694481,53.326584
"622",93.323486,55.042488
"623",91.129288,87.017097
"624",64.846817,86.646973
"625",73.351471,34.391041
"626",79.881248,34.752739
"627",69.316711,46.70295
"628",81.270508,59.762489
"629",63.796234,38.633423
"630",46.1203,25.095963
"631",38.267033,-22.349936
"632",49.785889,-5.3266258
"633",48.80109,-23.46594
"634",29.945002,-0.38625002
"635",71.249847,-2.3828416
"636",0,-40.102478
"637",45.608402,42.555721
"638",47.393505,-80.907089
"639",47.680264,2.7297199
"640",0,-5.0860524
"641",49.594315,-4.5751719
"642",65.032547,-82.575256
"645",67.980888,62.943562
"646",80.872627,36.828224
"647",59.713978,50.359558
"648",86.246712,61.745251
"649",87.027199,19.427956
"650",99.994217,74.789085
"651",81.777931,72.756622
"652",76.539986,64.832153
"653",82.474342,67.999092
"654",100,53.079975
"655",70.241714,64.949005
"656",50.855625,100
"657",60.071415,40.486496
"658",69.987289,1.713264
"659",62.267303,21.071306
"660",95.843796,47.93985
"661",93.994728,29.204481
"662",47.053921,91.687599
"663",62.756245,87.989449
"664",50.281502,-3.0990362
"665",60.567154,26.401546
"666",64.870438,0.56300163
"667",45.4618,21.146959
"668",39.827705,-6.9884958
"669",32.354359,-26.550467
"670",36.520447,-18.74935
"671",34.710155,-35.1908
"674",73.535271,100
"675",82.755371,31.87989
"676",100,47.070538
"677",81.835068,100
"678",89.614258,78.969971
"679",85.106613,79.228508
"680",93.307663,100
"681",100,70.213226
"682",100,86.615326
"683",82.983025,100
"684",99.88105,100
"685",68.673935,65.966049
"686",100,99.762108
"687",59.145283,37.347866
"688",60.884983,100
"689",84.896202,18.290564
"690",59.087276,69.792404
"691",57.347744,60.354359
"692",62.27607,18.215481
"693",99.833214,14.69549
"694",60.177197,24.559624
"695",47.29958,99.666428
"696",55.074757,20.354389
"697",53.89653,-5.4008393
"698",55.897778,12.846464
"699",79.532967,7.793057
"700",36.945114,11.828271
"703",74.26535,99.038086
"704",87.982681,70.409683
"705",77.864197,53.318329
"706",68.529877,75.965355
"707",99.776222,65.082047
"708",100,37.06065
"709",71.279327,64.890945
"710",76.235062,42.558655
"711",100,52.556885
"712",71.229492,99.632576
"713",70.020027,100
"714",63.933945,42.458988
"715",44.099655,40.060604
"716",53.864742,27.902498
"717",43.377625,-11.800692
"718",62.974506,7.7368231
"719",48.338875,2.4635406
"720",61.728943,25.953564
"721",54.738926,-3.3177466
"722",49.568569,23.457886
"723",65.404579,9.4800978
"724",29.47784,-0.84848404
"725",62.469379,30.813595
"726",51.043613,-41.019039
"727",48.321026,24.938759
"728",60.300983,4.8514962
"731",94.898346,36.757706
"732",100,76.720551
"733",99.998199,100
"734",92.818336,100
"735",95.106552,85.636673
"736",96.936623,100
"737",99.998535,90.213104
"738",99.889656,93.873253
"739",99.998848,99.99707
"740",99.994308,99.779305
"741",99.96804,99.997696
"742",99.938423,99.988617
"743",100,99.936081
"744",99.95327,99.876846
"745",77.511497,100
"746",71.736595,55.022991
"747",83.133888,7.9469533
"748",49.128292,43.508987
"749",79.944328,66.267776
"750",50.917019,-1.743415
"751",100,59.88866
"752",49.352585,1.8340349
"753",48.865856,100
"754",45.150749,-1.2948275
"755",45.904491,1.3289481
"756",42.560417,-6.8618984
"757",38.998646,-17.898643
"760",99.976006,100
"761",99.981621,100
"762",99.998795,99.952019
"763",99.83535,99.997589
"764",100,99.995232
"765",99.990921,99.6707
"766",99.997276,100
"767",100,99.994553
"768",100,75.435791
"769",79.757751,100
"770",75.57122,100
"771",100,59.515499
"772",100,51.142441
"773",100,100
"774",100,29.487955
"775",57.641201,100
"776",85.758965,100
"777",52.820469,16.916027
"778",53.92844,76.910614
"779",73.071648,5.6409359
"780",50.170223,10.422579
"781",64.024391,54.444946
"782",51.700485,0.34044981
"783",29.336231,32.387264
"784",52.109646,3.4009666
"785",37.673855,-21.69112
"788",93.210884,100
"789",100,90.077164
"790",100,88.286385
"791",100,100
"792",100,100
"793",100,100
"794",100,100
"795",100,100
"796",100,100
"797",95.566971,100
"798",100,100
"799",91.806435,91.133942
"800",100,100
"801",65.455299,83.612869
"802",88.404915,100
"803",58.088165,38.676842
"804",100,76.809837
"805",31.759304,19.407478
"806",64.198807,100
"807",39.05801,-13.29512
"808",46.0896,28.397617
"809",0,-21.883976
"810",31.204849,-7.8207998
"811",27.387894,-100
"812",31.594013,-37.590302
"813",0,-43.646706
"814",34.865391,-34.285881
"815",38.564953,-84.579422
"817",57.51704,16.39361
"818",61.550903,20.9977
"819",60.508259,15.034077
"820",60.609394,23.101803
"821",70.768593,21.218792
"822",63.828995,36.512959
"823",65.913124,41.537193
"824",70.252419,27.657986
"825",68.664742,40.504837
"826",60.446041,33.115101
"827",55.593372,22.885048
"828",60.556721,20.892084
"829",45.994846,11.190737
"830",62.112457,21.113443
"831",45.488346,-8.0103035
"832",49.378109,25.104401
"833",47.809898,-9.0233088
"834",47.428493,-3.8534164
"835",46.317513,3.5186915
"836",45.91806,-5.1101089
"837",51.151287,-4.0295362
"838",44.955025,-6.7264199
"839",47.018677,4.1395693
"840",52.652782,-8.6085587
"841",43.046616,-4.5771656
"844",99.998444,99.521637
"845",100,100
"846",100,99.996887
"847",100,100
"848",98.1437,100
"849",98.557564,100
"850",98.89756,96.287392
"851",96.44838,99.982872
"852",99.926407,89.044197
"853",82.205528,99.852814
"854",57.16095,64.455345
"855",36.688511,-24.376276
"856",69.501968,23.784763
"857",44.420971,-26.596796
"858",70.368065,40.882553
"859",31.807322,-11.158061
"860",63.072075,40.736126
"861",32.517223,-35.003883
"862",50.068707,27.441463
"863",43.995464,-31.69241
"864",52.677685,3.122148
"865",44.186943,-9.3775272
"866",44.100597,6.9881411
"867",42.246868,-10.213625
"868",27.646318,-9.5655527
"871",66.632721,68.206436
"872",85.395828,74.260818
"873",81.211708,33.265438
"874",86.908691,70.791664
"875",96.682205,62.53875
"876",92.555359,74.176025
"877",94.266388,93.838921
"878",88.53791,88.571274
"879",66.215332,90.503464
"880",99.968925,77.075813
"881",84.735298,33.270428
"882",57.97422,69.945869
"883",56.222694,50.957912
"884",53.49427,12.658957
"885",44.289043,-13.30356
"886",56.780148,7.0695548
"887",49.259644,-9.1066446
"888",58.594154,14.545968
"889",41.446804,-0.52872598
"890",59.166779,18.093767
"891",37.413063,-17.101252
"892",43.940334,-22.824045
"893",32.347099,-22.537767
"894",43.326382,-10.835102
"895",36.044579,-32.689022
"896",42.837875,-11.973497
"899",49.724285,9.195158
"900",48.443752,1.5386224
"901",51.836891,-0.55142939
"902",59.14592,3.6737771
"903",58.799099,4.2679667
"904",62.027615,18.630373
"905",54.812042,24.055233
"906",49.653316,9.0552273
"907",47.24371,-0.69336891
"908",35.482685,-18.357336
"909",50.926857,-29.034626
"910",53.540112,-3.7439079
"911",60.977425,3.2964916
"912",65.124901,9.4402905
"913",49.491383,24.112432
"914",74.382088,30.249798
"915",47.81345,-0.42167604
"916",62.883343,48.790012
"917",42.845623,-4.3730974
"918",49.156986,27.071556
"919",35.319736,-12.607208
"920",49.343178,-0.59070587
"921",47.034378,-29.346207
"922",44.220947,-1.3136476
"925",43.250317,7.0974798
"926",52.611671,-1.7018139
"927",57.632191,-4.038486
"928",45.235588,6.9842935
"929",66.217598,16.343525
"930",56.096851,-8.8124666
"931",68.275818,35.011105
"932",65.909615,14.144409
"933",61.731106,38.986469
"934",50.176228,31.819225
"935",45.999603,23.46221
"936",47.462429,0.35245121
"937",46.97641,-7.0029259
"938",49.015667,-5.0751419
"939",62.032856,-6.0471864
"940",62.776894,-1.968661
"941",39.107033,24.065853
"942",48.142666,25.554436
"943",42.671333,-8.6904526
"944",56.552158,-2.5657415
"945",33.83268,-14.657331
"946",63.457645,17.700413
"947",60.686909,-32.334648
"948",61.788857,26.915287
"949",70.99881,21.373909
"950",59.098869,23.600101
"951",70.503975,42.021351
"952",63.178093,18.202925
"953",64.768509,41.007946
"954",54.205597,26.443863
"955",62.192982,31.062386
"958",44.587803,18.53491
"959",35.410015,14.703136
"960",54.775047,-5.992794
"961",52.290909,-26.160713
"962",65.608528,10.102031
"963",67.969604,4.7518759
"964",65.370033,31.912968
"965",44.75528,36.423012
"966",55.64555,31.460985
"967",62.298592,-10.073447
"968",54.810776,11.621541
"969",55.84333,24.894527
"970",55.345051,9.6215487
"971",54.844387,12.183228
"972",53.239597,10.690108
"973",46.160954,6.908855
"974",47.576279,7.4477673
"975",48.895882,-5.5506468
"976",65.488075,-3.8523674
"977",43.547813,-0.48433244
"978",75.640961,32.6273
"979",44.785191,-9.9216614
"980",83.175316,52.21418
"981",38.190762,-10.429621
"982",40.076237,66.350624
"983",31.277647,-20.358572
"984",36.309925,-16.603809
"985",41.244888,-35.102879
"986",39.183884,-20.992241
"987",26.133188,-11.520439
"990",68.032349,9.6730118
"991",57.310287,24.348965
"992",59.323345,36.064693
"993",63.394905,18.646694
"994",70.804092,27.582281
"995",66.596863,41.616337
"996",65.32502,47.364628
"997",74.186333,40.426594
"998",69.959732,31.877958
"999",79.001961,53.311054
"1000",71.74971,39.91946
"1001",53.62146,59.988396
"1002",47.387291,7.2430134
"1003",37.84581,-11.444571
"1004",52.455021,-3.900218
"1005",40.29306,-23.702217
"1006",61.924297,5.4431915
"1007",60.714085,-15.246373
"1008",65.088913,23.850975
"1009",67.72332,26.91588
"1010",42.094555,30.566221
"1011",32.207188,-14.257177
"1012",44.34277,-24.547466
"1013",47.989227,-32.888504
"1014",31.644014,-9.9319849
"1017",51.146107,-1.9666016
"1018",47.72229,-8.1317158
"1019",49.182026,3.5512388
"1020",61.908001,-3.1945527
"1021",55.136776,-1.4936388
"1022",59.084648,24.049736
"1023",56.326042,10.735756
"1024",50.325554,12.65209
"1025",56.991863,-10.729721
"1026",53.620064,0.65110922
"1027",54.820007,13.983727
"1028",67.66835,18.385777
"1029",59.510483,10.67498
"1030",77.636253,35.336697
"1031",66.450226,19.020962
"1032",100,55.272507
"1033",50.478058,32.900452
"1034",68.487602,100
"1035",51.817608,0.95611513
"1036",64.767937,37.724167
"1037",68.323174,4.0920076
"1038",69.011673,29.535875
"1039",76.647964,36.646343
"1040",77.75193,38.023357
"1041",63.111351,53.295921
"1042",64.424072,57.59623
"1043",63.727028,26.22271
"1045",44.832619,25.419394
"1046",65.032745,15.97369
"1047",58.337696,-10.334757
"1048",54.24744,30.065489
"1049",66.667862,16.675388
"1050",72.02726,8.4948778
"1051",76.521851,34.606098
"1052",71.611008,46.393742
"1053",69.367867,53.043701
"1054",69.18074,43.630539
"1055",62.804443,38.735737
"1056",48.693672,39.051437
"1057",61.386532,25.608885
"1058",43.944107,-2.6126533
"1059",54.940498,22.77306
"1060",48.572914,-12.111792
"1061",42.783653,9.8809986
"1062",44.020046,-2.8541684
"1063",41.737602,-14.432693
"1064",54.010876,-11.959902
"1065",48.38179,-16.524796
"1066",56.910973,10.67147
"1067",39.512886,-1.0751069
"1068",56.709393,16.60775
"1069",31.570541,-20.961943
"1070",39.543007,15.657952
"1071",27.161694,-24.24469
"1072",0,-14.162689
"1073",20.62047,-41.583073
"1074",43.499397,-79.322525
"1075",34.651245,-56.118565
"1078",39.307102,1.306805
"1079",43.894913,-1.5522867
"1080",55.848957,-6.2979102
"1081",63.450371,13.197226
"1082",58.242268,6.4163446
"1083",50.23418,28.202707
"1084",66.791801,1.0477692
"1085",46.746605,-12.826768
"1086",48.676548,34.43301
"1087",50.21743,-6.5067887
"1088",46.01963,-2.6469083
"1089",45.57645,0.43486655
"1090",41.931709,-7.5002103
"1091",41.447369,-7.9989343
"1092",49.405945,-16.084286
"1093",57.232521,-17.105261
"1094",40.315815,1.0353178
"1095",50.334995,17.737082
"1096",34.621967,-18.354269
"1097",49.915855,1.6371399
"1098",41.655716,-29.626392
"1099",51.77676,1.5515447
"1100",46.107437,-14.020911
"1101",45.769241,-4.9485893
"1102",51.30061,-27.471849
"1103",52.795929,-4.438868
"1106",20.063057,-34.4263
"1107",24.99221,-8.1652403
"1108",27.583525,-59.432793
"1109",36.641777,-44.832954
"1110",54.660023,13.399371
"1111",51.127373,9.7828417
"1112",38.318512,2.2547483
"1113",56.200714,-23.362974
"1114",47.740467,-25.674889
"1115",54.739052,17.45812
"1116",60.262753,9.4781036
"1117",45.51424,-10.767022
"1118",56.071735,20.525503
"1119",31.612045,-6.7476959
"1120",48.775269,13.934099
"1121",25.99688,-36.775909
"1122",48.443554,-0.96941292
"1123",38.70879,-46.188274
"1124",43.476334,-3.1128912
"1125",39.905235,-22.582424
"1126",28.393015,-13.047329
"1127",32.548515,-17.116722
"1128",0,-41.1427
"1129",34.105122,-32.613377
"1130",24.927591,-99.179253
"1133",55.400276,7.654953
"1134",52.795143,5.2765965
"1135",53.200062,11.770946
"1136",60.327766,10.405848
"1137",70.13987,6.4001203
"1138",73.434738,41.401394
"1139",49.071045,27.87431
"1140",45.378502,46.869469
"1141",56.647648,0.71079135
"1142",50.747437,-8.0943079
"1143",50.379856,13.907051
"1144",76.219154,2.1917911
"1145",50.732071,0.75971186
"1146",64.513054,52.438309
"1147",53.168785,1.4641434
"1148",60.540043,29.026106
"1149",51.951736,6.3375711
"1150",64.157791,21.08009
"1151",54.463314,28.315577
"1152",56.89072,11.378681
"1153",48.133354,12.792548
"1154",68.129807,16.192854
"1155",37.62603,-3.7332921
"1156",49.555817,38.745083
"1157",47.237495,-24.741659
"1158",62.735004,4.8649044
"1159",49.161755,-3.3168049
"1160",72.915977,31.004757
"1163",62.824894,6.5278201
"1164",42.479038,-4.1856556
"1165",59.263874,25.649786
"1166",52.058197,-13.304102
"1167",64.509415,18.527742
"1168",58.957924,4.1163893
"1169",58.375149,17.915844
"1170",58.011402,16.750299
"1171",48.321617,-10.422209
"1172",57.676464,-3.3567667
"1173",65.275948,5.1510005
"1174",50.017826,15.352932
"1175",54.765869,30.551899
"1176",57.649155,0.035655499
"1177",63.023567,16.477859
"1178",37.298737,-0.36819875
"1179",47.721657,31.599171
"1180",49.9958,-21.320387
"1181",50.206924,-2.3532181
"1182",51.049934,5.4781408
"1183",50.930016,4.0646496
"1184",47.878567,10.836542
"1185",39.693459,9.9293079
"1186",61.081909,0.098213553
"1187",40.989956,-15.398088
"1188",50.288742,25.94412
"1190",55.171574,5.2697001
"1191",58.622761,2.4313064
"1192",49.350067,-15.388984
"1193",59.157051,23.449186
"1194",51.507332,11.893129
"1195",57.224632,18.314098
"1196",51.12114,3.0146599
"1197",57.272839,14.821884
"1198",62.706139,2.2422819
"1199",63.434826,14.545679
"1200",53.14048,26.869652
"1201",52.259617,9.4075289
"1202",45.974533,6.2809587
"1203",42.701714,4.5192361
"1204",46.595551,-8.05093
"1205",53.773869,-14.11407
"1206",43.875019,-6.8089008
"1207",63.307961,7.5477362
"1208",27.039253,-12.248248
"1209",53.970455,26.622993
"1210",29.784294,-45.874065
"1211",61.701096,7.9802065
"1212",34.973103,-34.941586
"1213",70.605141,23.447142
"1214",61.327995,-30.053795
"1217",38.585472,-2.7514696
"1218",48.62402,16.98896
"1219",37.569557,-18.021637
"1220",55.516876,0.4643172
"1221",56.663368,-23.942745
"1222",53.061527,11.602386
"1223",55.801315,14.948961
"1224",62.845654,7.6203585
"1225",59.911388,11.602629
"1226",48.762657,25.691307
"1227",45.831947,19.822779
"1228",45.744007,-2.4746804
"1229",46.043812,-8.0279083
"1230",38.730774,-8.5119839
"1231",47.629009,-7.9123826
"1232",57.330441,3.8982391
"1233",45.834824,-4.7419815
"1234",56.15958,14.660883
"1235",44.070019,-7.8487902
"1236",42.89304,13.679558
"1237",25.48452,-5.9247522
"1238",41.349129,-12.693352
"1239",26.550236,-48.16119
"1240",31.740808,-16.927216
"1241",39.714745,-45.75499
"1242",29.140776,-35.386967
"1243",32.9701,-15.668329
"1244",31.514582,-41.718449
"1245",28.402721,-31.011761
"1246",31.064924,-34.069462
"1247",32.766724,-40.328453
"1250",57.301838,5.9944897
"1251",44.816849,-15.533817
"1252",53.49511,14.603678
"1253",53.82642,-18.091631
"1254",58.735008,13.666784
"1255",45.405258,8.4215193
"1256",56.209766,17.470011
"1257",57.107807,-9.1894865
"1258",48.364681,12.419534
"1259",50.837879,-3.270638
"1260",43.628292,3.0627489
"1261",53.98814,1.6757607
"1262",55.779922,7.9762816
"1263",28.68576,-3.5920115
"1264",45.413471,11.559847
"1265",37.833298,-42.628479
"1266",43.343243,-9.1730595
"1267",21.682949,-24.333405
"1268",49.634735,-13.313517
"1269",36.063744,-56.634106
"1270",39.307423,-0.73052943
"1271",42.213505,-27.872515
"1272",22.038387,-19.566208
"1273",27.046049,-11.850178
"1274",29.860306,-51.734306
"1275",24.257639,-45.907902
"1277",40.664543,-8.1377478
"1278",23.758307,-31.543985
"1279",36.878796,-8.3451061
"1280",18.222464,-38.396202
"1281",43.387119,-26.230446
"1282",0,-55.877419
"1283",0,-94.542435
"1284",52.285404,-55.345894
"1285",0,-9.8848076
"1286",57.012016,-87.669914
"1287",43.428822,-8.3391724
"1288",51.817955,-12.883324
"1289",60.5336,4.9448195
"1290",46.878162,9.5336704
"1291",56.505646,24.305702
"1292",44.775997,-3.2936602
"1293",49.289597,19.357672
"1294",44.000717,-6.7593427
"1295",47.90379,1.4174312
"1296",53.057487,4.9009204
"1297",55.842789,1.9042194
"1298",55.226368,10.046408
"1299",59.431053,19.255867
"1300",52.182102,19.05373
"1303",43.530849,9.5492306
"1304",24.674948,-11.876795
"1305",36.343925,-7.2050004
"1306",27.93346,-41.288055
"1307",38.862034,-3.4448087
"1308",48.318878,-30.122774
"1309",22.944056,-1.3736159
"1310",39.288414,-9.7188206
"1311",23.195719,-21.423172
"1312",50.216312,-20.061375
"1313",54.153545,8.3910789
"1314",48.225063,9.2274513
"1315",49.777622,8.3463612
"1316",46.157772,-3.5057902
"1317",44.840385,-0.42301714
"1318",38.275532,-7.5621786
"1319",44.012772,-10.088674
"1320",33.432972,-23.366365
"1321",36.039825,-8.0953512
"1322",46.189735,-33.096104
"1323",46.499683,-26.912918
"1324",45.901794,-7.4916182
"1325",39.606194,-3.8938999
"1326",63.392097,27.258945
"1327",48.904671,-16.602394
"1328",57.22403,31.646065
"1331",17.795284,-11.22165
"1332",44.243355,-18.332424
"1333",46.516106,-38.605904
"1334",53.415306,1.2959927
"1335",60.924767,6.9666357
"1336",62.62262,27.906191
"1337",53.400654,10.691458
"1338",56.226341,-9.1110344
"1339",61.090237,7.4189396
"1340",67.32354,12.69477
"1341",52.093922,22.180471
"1342",72.208282,35.945091
"1343",64.412811,4.7879128
"1344",82.431503,44.416561
"1345",60.70475,29.148108
"1346",71.840324,66.422043
"1347",45.826557,24.625265
"1348",68.956635,47.593575
"1349",50.657074,-8.3468885
"1350",53.991882,1.9844979
"1351",44.251495,-2.173388
"1352",58.414001,7.983768
"1353",48.730286,-11.497009
"1354",54.980488,16.828001
"1355",56.852699,0.090557337
"1356",52.364826,12.244299
"1359",75.538696,26.849842
"1360",45.133511,16.28195
"1361",58.280354,7.7115088
"1362",24.094639,-54.605389
"1363",45.933964,16.560709
"1364",28.485065,-51.497864
"1365",44.096546,-7.7518792
"1366",32.192551,-42.683517
"1367",38.406185,-9.9263849
"1368",10.338657,-34.036121
"1369",19.721199,-14.641616
"1370",10.513269,-66.367134
"1371",47.767078,-67.656876
"1372",23.829744,-1.2910962
"1375",83.395981,38.819824
"1376",48.428726,-6.6844168
"1377",82.90831,68.40966
"1378",53.727013,-3.1425476
"1379",77.944557,65.81662
"1380",80.084198,13.102302
"1381",73.569183,59.518551
"1382",76.554298,63.090302
"1383",57.269115,47.138371
"1384",79.18438,30.340811
"1385",72.684685,47.595421
"1386",75.510117,61.359779
"1387",61.348957,48.177929
"1388",74.807701,54.522358
